Mat_2008,No_2008,Runs_2008,HS_2008,Avg_2008,BF_2008,SR_2008,100_2008,50_2008,4s_2008,6s_2008,CT_2008,ST_2008,Mat_2014,No_2014,Runs_2014,HS_2014,Avg_2014,BF_2014,SR_2014,100_2014,50_2014,4s_2014,6s_2014,CT_2014,ST_2014,Mat_2015,No_2015,Runs_2015,HS_2015,Avg_2015,BF_2015,SR_2015,100_2015,50_2015,4s_2015,6s_2015,CT_2015,ST_2015,Mat_2016,No_2016,Runs_2016,HS_2016,Avg_2016,BF_2016,SR_2016,100_2016,50_2016,4s_2016,6s_2016,CT_2016,ST_2016,Mat_2022,No_2022,Runs_2022,HS_2022,Avg_2022,BF_2022,SR_2022,100_2022,50_2022,4s_2022,6s_2022,CT_2022,ST_2022,Mat_2023,No_2023,Runs_2023,HS_2023,Avg_2023,BF_2023,SR_2023,100_2023,50_2023,4s_2023,6s_2023,CT_2023,ST_2023,Mat_2024,No_2024,Runs_2024,HS_2024,Avg_2024,BF_2024,SR_2024,100_2024,50_2024,4s_2024,6s_2024,CT_2024,ST_2024,player_id,player_name,Mat_2009,No_2009,Runs_2009,HS_2009,Avg_2009,BF_2009,SR_2009,100_2009,50_2009,4s_2009,6s_2009,CT_2009,ST_2009,Mat_2010,No_2010,Runs_2010,HS_2010,Avg_2010,BF_2010,SR_2010,100_2010,50_2010,4s_2010,6s_2010,CT_2010,ST_2010,Mat_2011,No_2011,Runs_2011,HS_2011,Avg_2011,BF_2011,SR_2011,100_2011,50_2011,4s_2011,6s_2011,CT_2011,ST_2011,Mat_2012,No_2012,Runs_2012,HS_2012,Avg_2012,BF_2012,SR_2012,100_2012,50_2012,4s_2012,6s_2012,CT_2012,ST_2012,Mat_2013,No_2013,Runs_2013,HS_2013,Avg_2013,BF_2013,SR_2013,100_2013,50_2013,4s_2013,6s_2013,CT_2013,ST_2013,Mat_2019,No_2019,Runs_2019,HS_2019,Avg_2019,BF_2019,SR_2019,100_2019,50_2019,4s_2019,6s_2019,CT_2019,ST_2019,Mat_2020,No_2020,Runs_2020,HS_2020,Avg_2020,BF_2020,SR_2020,100_2020,50_2020,4s_2020,6s_2020,CT_2020,ST_2020,Mat_2021,No_2021,Runs_2021,HS_2021,Avg_2021,BF_2021,SR_2021,100_2021,50_2021,4s_2021,6s_2021,CT_2021,ST_2021,Mat_2017,No_2017,Runs_2017,HS_2017,Avg_2017,BF_2017,SR_2017,100_2017,50_2017,4s_2017,6s_2017,CT_2017,ST_2017,Mat_2018,No_2018,Runs_2018,HS_2018,Avg_2018,BF_2018,SR_2018,100_2018,50_2018,4s_2018,6s_2018,CT_2018,ST_2018
,,,,,,,,,,,,,13,4,82,23*,41.00,75,109.33,0,0,8,1,3,0,5,3,36,25*,18.00,33,109.09,0,0,2,2,0,0,2,2,14,11*,0.00,6,233.33,0,0,0,1,0,0,6,2,37,21*,18.50,40,92.50,0,0,4,2,2,0,6,1,20,19,10.00,12,166.67,0,0,1,1,3,0,1,0,0,0,-,,-,0,0,0,0,0,0,https://www.iplt20.com/teams/punjab-kings/squad-details/1088,Rishi Dhawan,,,,,,,,,,,,,,,,,,,,,,,,,,,,,,,,,,,,,,,,,,,,,,,,,,,,,,,,,,,,,,,,,,,,,,,,,,,,,,,,,,,,,,,,,,,,,,,,,,,,,,,,,,,,,,,,,,,,,,,,,,,,,,,,,,
15,3,90,24*,22.50,59,152.54,0,0,10,3,6,0,,,,,,,,,,,,,,,,,,,,,,,,,,,,,,,,,,,,,,,,,,,,,,,,,,,,,,,,,,,,,,,,,,,,,,,,,,,,,,,https://www.iplt20.com/teams/punjab-kings/squad-details/76,Piyush Chawla,14,5,31,8*,6.20,36,86.11,0,0,3,0,6,0,14,1,62,22,12.40,60,103.33,0,0,7,0,3,0,12,3,48,15,16.00,55,87.27,0,0,2,2,3,0,16,4,106,21*,13.25,88,120.45,0,0,9,4,3,0,16,5,64,23,10.66,57,112.28,0,0,5,3,1,0,,,,,,,,,,,,,,,,,,,,,,,,,,,,,,,,,,,,,,,,,,,,,,,,,,,,,,,,,,,,,,,,,
,,,,,,,,,,,,,,,,,,,,,,,,,,,,,,,,,,,,,,,,,,,,,,,,,,,,,,,,,,,,,,,,,,,,,,,,,,,,,,,,,,,,,,,,,,,https://www.iplt20.com/teams/punjab-kings/squad-details/102,Dinesh Karthik,,,,,,,,,,,,,,,,,,,,,,,,,,,14,2,282,69,25.63,220,128.18,0,1,32,7,7,0,,,,,,,,,,,,,,,,,,,,,,,,,,,,,,,,,,,,,,,,,,,,,,,,,,,,,,,,,,,,,,,,,,,,,,,,,,,,,,,,,,,,,,,,,,,
,,,,,,,,,,,,,3,0,24,21,8.00,26,92.30,0,0,2,0,1,0,,,,,,,,,,,,,,,,,,,,,,,,,,,,,,,,,,,,,,,,,,,,,,,,,,,,,,,,,,,,,,,,,,https://www.iplt20.com/teams/punjab-kings/squad-details/72,Mandeep Singh,,,,,,,,,,,,,,,,,,,,,,,,,,,6,1,47,15*,11.75,41,114.63,0,0,4,1,0,0,16,0,432,75,27.00,342,126.31,0,2,53,7,5,0,16,1,260,77*,20.00,223,116.59,0,1,36,0,6,0,13,8,165,33*,41.25,120,137.50,0,0,10,4,4,0,7,1,130,66*,21.66,109,119.26,0,1,10,4,1,0,1,0,15,15,15.00,14,107.14,0,0,2,0,1,0,,,,,,,,,,,,,,,,,,,,,,,,,,
,,,,,,,,,,,,,16,6,446,66,44.60,299,149.16,0,3,34,21,14,0,13,2,357,89*,32.45,266,134.21,0,2,21,21,7,0,14,3,161,31,16.10,131,122.90,0,0,11,4,10,0,,,,,,,,,,,,,,,,,,,,,,,,,,,,,,,,,,,,,,,,https://www.iplt20.com/teams/punjab-kings/squad-details/187,David Miller,,,,,,,,,,,,,,,,,,,,,,,,,,,,,,,,,,,,,,,,6,3,98,34*,32.66,75,130.66,0,0,6,4,1,0,12,5,418,101*,59.71,254,164.56,1,3,28,24,8,0,10,2,213,59*,26.62,164,129.87,0,1,19,7,7,0,,,,,,,,,,,,,,,,,,,,,,,,,,,5,1,83,30*,27.66,80,103.75,0,0,4,4,2,0,3,1,74,26,37.00,64,115.62,0,0,3,2,0,0
,,,,,,,,,,,,,,,,,,,,,,,,,,5,0,35,15,7.00,39,89.74,0,0,3,1,1,0,7,1,113,51,22.60,86,131.39,0,1,11,3,5,0,,,,,,,,,,,,,,,,,,,,,,,,,,,,,,,,,,,,,,,,https://www.iplt20.com/teams/punjab-kings/squad-details/253,Gurkeerat Mann Singh,,,,,,,,,,,,,,,,,,,,,,,,,,,,,,,,,,,,,,,,5,1,86,29*,28.66,52,165.38,0,0,12,2,2,0,11,1,108,31,13.50,95,113.68,0,0,10,3,4,1,,,,,,,,,,,,,,,,,,,,,,,,,,,,,,,,,,,,,,,,2,0,0,0,0.00,0,0.00,0,0,0,0,0,0,,,,,,,,,,,,,
,,,,,,,,,,,,,8,0,324,67,40.50,233,139.05,0,1,27,16,3,0,7,0,82,39,11.71,81,101.23,0,0,4,5,2,0,7,0,161,51,23.00,131,122.90,0,1,19,3,3,0,,,,,,,,,,,,,,,,,,,,,,,,,,,,,,,,,,,,,,,,https://www.iplt20.com/teams/punjab-kings/squad-details/1085,Manan Vohra,,,,,,,,,,,,,,,,,,,,,,,,,,,,,,,,,,,,,,,,,,,,,,,,,,,,,12,2,161,43*,20.12,117,137.60,0,0,22,2,3,0,,,,,,,,,,,,,,,,,,,,,,,,,,,,,,,,,,,,,,,,11,0,229,95,25.44,159,144.02,0,1,23,9,2,0,,,,,,,,,,,,,
,,,,,,,,,,,,,11,1,2,2*,0.00,5,40.00,0,0,0,0,1,0,14,2,9,7,9.00,14,64.28,0,0,1,0,2,0,14,4,8,5*,0.00,9,88.88,0,0,0,0,2,0,5,0,0,0,-,,-,0,0,0,0,2,0,,,,,,,,,,,,,,,,,,,,,,,,,,,https://www.iplt20.com/teams/punjab-kings/squad-details/1112,Sandeep Sharma,,,,,,,,,,,,,,,,,,,,,,,,,,,,,,,,,,,,,,,,,,,,,,,,,,,,,4,1,0,0,0.00,0,0.00,0,0,0,0,0,0,,,,,,,,,,,,,,,,,,,,,,,,,,,,,,,,,,,,,,,,13,4,7,5*,0.00,6,116.66,0,0,0,0,3,0,,,,,,,,,,,,,
,,,,,,,,,,,,,17,2,362,115*,32.90,249,145.38,1,2,33,18,8,4,14,0,249,42,19.15,197,126.39,0,0,16,10,11,3,12,1,270,56,24.54,212,127.35,0,2,29,1,7,3,,,,,,,,,,,,,,,,,,,,,,,,,,,,,,,,,,,,,,,,https://www.iplt20.com/teams/punjab-kings/squad-details/16,Wriddhiman Saha,,,,,,,,,,,,,,,,,,,,,,,,,,,,,,,,,,,,,,,,,,,,,,,,,,,,,,,,,,,,,,,,,,,,,,,,,,,,,,,,,,,,,,,,,,,,,,,,,,,,,,,,,14,1,234,93*,23.40,187,125.13,0,1,20,8,10,2,,,,,,,,,,,,,
,,,,,,,,,,,,,,,,,,,,,,,,,,1,1,7,7*,0.00,6,116.66,0,0,1,0,0,0,,,,,,,,,,,,,,,,,,,,,,,,,,,,,,,,,,,,,,,,,,,,,,,,,,,,,https://www.iplt20.com/teams/punjab-kings/squad-details/1745,Shardul Thakur,,,,,,,,,,,,,,,,,,,,,,,,,,,,,,,,,,,,,,,,,,,,,,,,,,,,,,,,,,,,,,,,,,,,,,,,,,,,,,,,,,,,,,,,,,,,,,,,,,,,,,,,,,,,,,,,,,,,,,,,,,,,,,,,,,
,,,,,,,,,,,,,17,2,62,42*,10.33,60,103.33,0,0,6,1,7,0,14,3,206,40*,22.88,174,118.39,0,0,13,8,7,0,14,3,111,36*,15.85,77,144.15,0,0,4,8,2,0,,,,,,,,,,,,,,,,,,,,,,,,,,,,,,,,,,,,,,,,https://www.iplt20.com/teams/punjab-kings/squad-details/1113,Axar Patel,,,,,,,,,,,,,,,,,,,,,,,,,,,,,,,,,,,,,,,,,,,,,,,,,,,,,,,,,,,,,,,,,,,,,,,,,,,,,,,,,,,,,,,,,,,,,,,,,,,,,,,,,14,5,227,44,28.37,162,140.12,0,0,11,11,7,0,9,2,80,19,13.33,69,115.94,0,0,3,4,2,0
,,,,,,,,,,,,,16,0,552,95,34.50,294,187.75,0,4,48,36,9,0,11,0,145,43,13.18,112,129.46,0,0,13,8,2,0,11,2,179,68,19.88,124,144.35,0,2,14,8,3,0,,,,,,,,,,,,,,,,,,,,,,,,,,,,,,,,,,,,,,,,https://www.iplt20.com/teams/punjab-kings/squad-details/282,Glenn Maxwell,,,,,,,,,,,,,,,,,,,,,,,,,,,,,,,,,,,,,,,,,,,,,,,,,,,,,,,,,,,,,,,,,,,,,,,,,,,,,,,13,4,108,32,15.42,106,101.88,0,0,9,0,4,0,,,,,,,,,,,,,,14,3,310,47,31.00,179,173.18,0,0,19,26,7,0,,,,,,,,,,,,,
,,,,,,,,,,,,,,,,,,,,,,,,,,,,,,,,,,,,,,,7,1,146,52,36.50,108,135.18,0,1,13,4,0,0,,,,,,,,,,,,,,,,,,,,,,,,,,,,,,,,,,,,,,,,https://www.iplt20.com/teams/punjab-kings/squad-details/964,Marcus Stoinis,,,,,,,,,,,,,,,,,,,,,,,,,,,,,,,,,,,,,,,,,,,,,,,,,,,,,,,,,,,,,,,,,,,,,,,,,,,,,,,,,,,,,,,,,,,,,,,,,,,,,,,,,5,0,17,9,5.66,24,70.83,0,0,1,0,3,0,7,3,99,29*,24.75,76,130.26,0,0,6,4,2,0
,,,,,,,,,,,,,,,,,,,,,,,,,,,,,,,,,,,,,,,,,,,,,,,,,,,,,,,,,,,,,,,,,,,,,,,,,,,,,,,,,,,,,,,,,,,https://www.iplt20.com/teams/punjab-kings/squad-details/3180,Swapnil Singh,,,,,,,,,,,,,,,,,,,,,,,,,,,,,,,,,,,,,,,,,,,,,,,,,,,,,,,,,,,,,,,,,,,,,,,,,,,,,,,,,,,,,,,,,,,,,,,,,,,,,,,,,,,,,,,,,,,,,,,,,,,,,,,,,,
,,,,,,,,,,,,,,,,,,,,,,,,,,,,,,,,,,,,,,,14,2,32,15,8.00,26,123.07,0,0,3,1,3,0,,,,,,,,,,,,,,,,,,,,,,,,,,,,,,,,,,,,,,,,https://www.iplt20.com/teams/punjab-kings/squad-details/1107,Mohit Sharma,,,,,,,,,,,,,,,,,,,,,,,,,,,,,,,,,,,,,,,,,,,,,,,,,,,,,,,,,,,,,,,,,,,,,,,,,,,,,,,,,,,,,,,,,,,,,,,,,,,,,,,,,14,1,51,13,8.50,50,102.00,0,0,3,1,3,0,9,3,10,4*,10.00,13,76.92,0,0,1,0,2,0
,,,,,,,,,,,,,,,,,,,,,,,,,,,,,,,,,,,,,,,5,1,13,12*,13.00,11,118.18,0,0,0,1,2,0,,,,,,,,,,,,,,,,,,,,,,,,,,,,,,,,,,,,,,,,https://www.iplt20.com/teams/punjab-kings/squad-details/2743,KC Cariappa,,,,,,,,,,,,,,,,,,,,,,,,,,,,,,,,,,,,,,,,,,,,,,,,,,,,,,,,,,,,,,,,,,,,,,,,,,,,,,,,,,,,,,,,,,,,,,,,,,,,,,,,,4,0,2,1,1.00,7,28.57,0,0,0,0,1,0,,,,,,,,,,,,,
,,,,,,,,,,,,,,,,,,,,,,,,,,,,,,,,,,,,,,,,,,,,,,,,,,,,,,,,,,,,,,,,,,,,,,,,,,,,,,,,,,,,,,,,,,,https://www.iplt20.com/teams/punjab-kings/squad-details/3830,Rinku Singh,,,,,,,,,,,,,,,,,,,,,,,,,,,,,,,,,,,,,,,,,,,,,,,,,,,,,,,,,,,,,,,,,,,,,,,,,,,,,,,,,,,,,,,,,,,,,,,,,,,,,,,,,,,,,,,,,,,,,,,,,,,,,,,,,,
,,,,,,,,,,,,,,,,,,,,,,,,,,,,,,,,,,,,,,,,,,,,,,,,,,,,,,,,,,,,,,,,,,,,,,,,,,,,,,,,,,,,,,,,,,,https://www.iplt20.com/teams/punjab-kings/squad-details/1749,Rahul Tewatia,,,,,,,,,,,,,,,,,,,,,,,,,,,,,,,,,,,,,,,,,,,,,,,,,,,,,,,,,,,,,,,,,,,,,,,,,,,,,,,,,,,,,,,,,,,,,,,,,,,,,,,,,3,1,19,15*,19.00,11,172.72,0,0,4,0,0,0,,,,,,,,,,,,,
,,,,,,,,,,,,,,,,,,,,,,,,,,,,,,,,,,,,,,,,,,,,,,,,,,,,,,,,,,,,,,,,,,,,,,,,,,,,,,,,,,,,,,,,,,,https://www.iplt20.com/teams/punjab-kings/squad-details/38,Ishant Sharma,,,,,,,,,,,,,,,,,,,,,,,,,,,,,,,,,,,,,,,,,,,,,,,,,,,,,,,,,,,,,,,,,,,,,,,,,,,,,,,,,,,,,,,,,,,,,,,,,,,,,,,,,6,1,8,5*,4.00,12,66.66,0,0,1,0,0,0,,,,,,,,,,,,,
,,,,,,,,,,,,,,,,,,,,,,,,,,,,,,,,,,,,,,,,,,,,,,,,,,,,,,,,,,,,,,,,,,,,,,,,,,,,,,,,,,,,,,,,,,,https://www.iplt20.com/teams/punjab-kings/squad-details/3831,T Natarajan,,,,,,,,,,,,,,,,,,,,,,,,,,,,,,,,,,,,,,,,,,,,,,,,,,,,,,,,,,,,,,,,,,,,,,,,,,,,,,,,,,,,,,,,,,,,,,,,,,,,,,,,,6,0,0,0,0.00,0,0.00,0,0,0,0,0,0,,,,,,,,,,,,,
,,,,,,,,,,,,,,,,,,,,,,,,,,,,,,,,,,,,,,,,,,,,,,,,,,,,,,,,,,,,,,,,,,,,,,,,,,,,,,,,,,,,,,,,,,,https://www.iplt20.com/teams/punjab-kings/squad-details/61,Varun Aaron,,,,,,,,,,,,,,,,,,,,,,,,,,,,,,,,,,,,,,,,,,,,,,,,,,,,,,,,,,,,,,,,,,,,,,,,,,,,,,,,,,,,,,,,,,,,,,,,,,,,,,,,,6,2,4,4,4.00,10,40.00,0,0,0,0,0,0,,,,,,,,,,,,,
,,,,,,,,,,,,,,,,,,,,,,,,,,,,,,,,,,,,,,,,,,,,,,,,,,,,,,,,,,,,,,,,,,,,,,,,,,,,,,,,,,,,,,,,,,,https://www.iplt20.com/teams/punjab-kings/squad-details/1125,KL Rahul,,,,,,,,,,,,,,,,,,,,,,,,,,,,,,,,,,,,,,,,,,,,,,,,,,,,,,,,,,,,,,,,,,14,3,593,100*,53.90,438,135.38,1,6,49,25,7,0,14,2,670,132*,55.83,518,129.34,1,5,58,23,10,0,13,3,626,98*,62.60,451,138.80,0,6,48,30,11,0,,,,,,,,,,,,,,14,2,659,95*,54.91,416,158.41,0,6,66,32,10,1
,,,,,,,,,,,,,,,,,,,,,,,,,,,,,,,,,,,,,,,,,,,,,,,,,,,,,,,,,,,,,,,,,,,,,,,,,,,,,,,,,,,,,,,,,,,https://www.iplt20.com/teams/punjab-kings/squad-details/167,Aaron Finch,,,,,,,,,,,,,,,,,,,,,,,,,,,,,,,,,,,,,,,,,,,,,,,,,,,,,,,,,,,,,,,,,,,,,,,,,,,,,,,,,,,,,,,,,,,,,,,,,,,,,,,,,,,,,,,,,,,,,,10,1,134,46,16.75,100,134.00,0,0,6,8,4,0
,,,,,,,,,,,,,,,,,,,,,,,,,,,,,,,,,,,,,,,,,,,,,,,,,,,,,,,,,,,,,,,,,,,,,,,,,,,,,,,,,,,,,,,,,,,https://www.iplt20.com/teams/punjab-kings/squad-details/276,Karun Nair,,,,,,,,,,,,,,,,,,,,,,,,,,,,,,,,,,,,,,,,,,,,,,,,,,,,,,,,,,,,,,,,,,1,0,5,5,5.00,6,83.33,0,0,0,0,0,0,4,1,16,15*,8.00,14,114.28,0,0,2,0,1,0,,,,,,,,,,,,,,,,,,,,,,,,,,,13,0,301,54,25.08,221,136.19,0,2,23,13,9,0
,,,,,,,,,,,,,,,,,,,,,,,,,,,,,,,,,,,,,,,,,,,,,,,,,,,,13,0,196,52,16.33,160,122.50,0,1,23,6,10,0,,,,,,,,,,,,,,,,,,,,,,,,,,,https://www.iplt20.com/teams/punjab-kings/squad-details/158,Mayank Agarwal,,,,,,,,,,,,,,,,,,,,,,,,,,,,,,,,,,,,,,,,,,,,,,,,,,,,,,,,,,,,,,,,,,13,0,332,58,25.53,234,141.88,0,2,26,14,7,0,11,0,424,106,38.54,271,156.45,1,2,44,15,6,0,12,1,441,99*,40.09,314,140.44,0,4,42,18,5,0,,,,,,,,,,,,,,11,1,120,30,12.00,94,127.65,0,0,9,5,2,0
,,,,,,,,,,,,,,,,,,,,,,,,,,,,,,,,,,,,,,,,,,,,,,,,,,,,,,,,,,,,,,,,,,,,,,,,,,,,,,,,,,,,,,,,,,,https://www.iplt20.com/teams/punjab-kings/squad-details/8,Ravichandran Ashwin,,,,,,,,,,,,,,,,,,,,,,,,,,,,,,,,,,,,,,,,,,,,,,,,,,,,,,,,,,,,,,,,,,14,1,42,17*,8.40,28,150.00,0,0,3,3,4,0,,,,,,,,,,,,,,,,,,,,,,,,,,,,,,,,,,,,,,,,14,1,102,45,12.75,71,143.66,0,0,7,5,5,0
,,,,,,,,,,,,,,,,,,,,,,,,,,,,,,,,,,,,,,,,,,,,,,,,,,,,,,,,,,,,,,,,,,,,,,,,,,,,,,,,,,,,,,,,,,,https://www.iplt20.com/teams/punjab-kings/squad-details/2968,Mayank Dagar,,,,,,,,,,,,,,,,,,,,,,,,,,,,,,,,,,,,,,,,,,,,,,,,,,,,,,,,,,,,,,,,,,,,,,,,,,,,,,,,,,,,,,,,,,,,,,,,,,,,,,,,,,,,,,,,,,,,,,,,,,,,,,,,,,
,,,,,,,,,,,,,,,,,,,,,,,,,,,,,,,,,,,,,,,,,,,,,,,,,,,,,,,,,,,,,,,,,,,,,,,,,,,,,,,,,,,,,,,,,,,https://www.iplt20.com/teams/punjab-kings/squad-details/1106,Ankit Rajpoot,,,,,,,,,,,,,,,,,,,,,,,,,,,,,,,,,,,,,,,,,,,,,,,,,,,,,,,,,,,,,,,,,,4,0,0,0,0.00,0,0.00,0,0,0,0,1,0,,,,,,,,,,,,,,,,,,,,,,,,,,,,,,,,,,,,,,,,8,0,11,8,3.66,18,61.11,0,0,1,0,2,0
,,,,,,,,,,,,,,,,,,,,,,,,,,,,,,,,,,,,,,,,,,,,,,,,,,,,,,,,,,,,,,,,,,,,,,,,,,,,,,,,,,,,,,,,,,,https://www.iplt20.com/teams/punjab-kings/squad-details/4572,Mujeeb Ur Rahman,,,,,,,,,,,,,,,,,,,,,,,,,,,,,,,,,,,,,,,,,,,,,,,,,,,,,,,,,,,,,,,,,,5,2,0,0*,0.00,4,0.00,0,0,0,0,1,0,2,0,1,1,1.00,3,33.33,0,0,0,0,0,0,,,,,,,,,,,,,,,,,,,,,,,,,,,11,1,10,10*,10.00,7,142.85,0,0,2,0,1,0
,,,,,,,,,,,,,,,,,,,,,,,,,,,,,,,,,,,,,,,,,,,,,,,,,,,,1,0,14,14,14.00,11,127.27,0,0,2,0,0,0,14,0,358,103,25.57,238,150.42,1,1,38,19,1,0,14,0,334,71,23.86,213,156.81,0,2,34,20,1,0,https://www.iplt20.com/teams/punjab-kings/squad-details/5436,Prabhsimran Singh,,,,,,,,,,,,,,,,,,,,,,,,,,,,,,,,,,,,,,,,,,,,,,,,,,,,,,,,,,,,,,,,,,1,0,16,16,16.00,17,94.11,0,0,1,1,1,0,2,0,15,11,7.50,15,100.00,0,0,2,0,1,0,2,0,19,12,9.50,23,82.60,0,0,1,1,0,0,,,,,,,,,,,,,,,,,,,,,,,,,,
,,,,,,,,,,,,,,,,,,,,,,,,,,,,,,,,,,,,,,,,,,,,,,,,,,,,,,,,,,,,,,,,,,,,,,,,,,,,,,,,,,,,,,,,,,,https://www.iplt20.com/teams/punjab-kings/squad-details/1703,Nicholas Pooran,,,,,,,,,,,,,,,,,,,,,,,,,,,,,,,,,,,,,,,,,,,,,,,,,,,,,,,,,,,,,,,,,,7,0,168,48,28.00,107,157.00,0,0,10,14,1,0,14,4,353,77,35.30,208,169.71,0,2,23,25,7,0,12,0,85,32,7.72,76,111.84,0,0,3,5,3,0,,,,,,,,,,,,,,,,,,,,,,,,,,
,,,,,,,,,,,,,,,,,,,,,,,,,,,,,,,,,,,,,,,,,,,,,,,,,,,,,,,,,,,,,,,,,,,,,,,,,,,,,,,,,,,,,,,,,,,https://www.iplt20.com/teams/punjab-kings/squad-details/1564,Sarfaraz Khan,,,,,,,,,,,,,,,,,,,,,,,,,,,,,,,,,,,,,,,,,,,,,,,,,,,,,,,,,,,,,,,,,,8,1,180,67,45.00,143,125.87,0,1,19,4,0,0,5,1,33,14*,16.50,29,113.79,0,0,5,0,2,0,2,0,0,0*,0.00,4,0.00,0,0,0,0,0,0,,,,,,,,,,,,,,,,,,,,,,,,,,
,,,,,,,,,,,,,,,,,,,,,,,,,,,,,,,,,,,,,,,,,,,,,,,,,,,,5,0,22,14,7.33,25,88.00,0,0,1,2,3,0,13,2,52,17*,8.67,41,126.83,0,0,5,2,2,0,13,5,75,29,37.50,54,138.89,0,0,8,2,7,0,https://www.iplt20.com/teams/punjab-kings/squad-details/5441,Harpreet Brar,,,,,,,,,,,,,,,,,,,,,,,,,,,,,,,,,,,,,,,,,,,,,,,,,,,,,,,,,,,,,,,,,,2,1,20,20*,0.00,12,166.66,0,0,2,1,0,0,1,0,0,0,0.00,0,0.00,0,0,0,0,0,0,7,5,64,25*,0.00,58,110.34,0,0,3,2,2,0,,,,,,,,,,,,,,,,,,,,,,,,,,
,,,,,,,,,,,,,,,,,,,,,,,,,,,,,,,,,,,,,,,,,,,,,,,,,,,,,,,,,,,,,,,,,14,3,276,55,27.60,203,135.96,0,1,20,13,5,0,13,2,270,63,27.00,219,123.29,0,2,24,6,7,0,https://www.iplt20.com/teams/punjab-kings/squad-details/2939,Sam Curran,,,,,,,,,,,,,,,,,,,,,,,,,,,,,,,,,,,,,,,,,,,,,,,,,,,,,,,,,,,,,,,,,,9,4,95,55*,23.75,55,172.72,0,1,13,3,2,0,,,,,,,,,,,,,,,,,,,,,,,,,,,,,,,,,,,,,,,,,,,,,,,,,,,,
,,,,,,,,,,,,,,,,,,,,,,,,,,,,,,,,,,,,,,,,,,,,,,,,,,,,,,,,,,,,,,,,,,,,,,,,,,,,,,,,,,,,,,,,,,,https://www.iplt20.com/teams/punjab-kings/squad-details/4447,Darshan Nalkande,,,,,,,,,,,,,,,,,,,,,,,,,,,,,,,,,,,,,,,,,,,,,,,,,,,,,,,,,,,,,,,,,,,,,,,,,,,,,,,,,,,,,,,,,,,,,,,,,,,,,,,,,,,,,,,,,,,,,,,,,,,,,,,,,,
,,,,,,,,,,,,,,,,,,,,,,,,,,,,,,,,,,,,,,,,,,,,,,,,,,,,,,,,,,,,,,,,,,,,,,,,,,,,,,,,,,,,,,,,,,,https://www.iplt20.com/teams/punjab-kings/squad-details/3187,Murugan Ashwin,,,,,,,,,,,,,,,,,,,,,,,,,,,,,,,,,,,,,,,,,,,,,,,,,,,,,,,,,,,,,,,,,,10,2,3,1*,3.00,5,60.00,0,0,0,0,3,0,9,0,4,4,4.00,4,100.00,0,0,0,0,4,0,3,0,15,9,7.50,24,62.50,0,0,1,0,0,0,,,,,,,,,,,,,,,,,,,,,,,,,,
,,,,,,,,,,,,,,,,,,,,,,,,,,,,,,,,,,,,,,,,,,,,,,,,,,,,,,,,,,,,,,,,,,,,,,,,,,,,,,,,,,,,,,,,,,,https://www.iplt20.com/teams/punjab-kings/squad-details/5432,Varun Chakaravarthy,,,,,,,,,,,,,,,,,,,,,,,,,,,,,,,,,,,,,,,,,,,,,,,,,,,,,,,,,,,,,,,,,,1,0,0,0,0.00,0,0.00,0,0,0,0,0,0,,,,,,,,,,,,,,,,,,,,,,,,,,,,,,,,,,,,,,,,,,,,,,,,,,,,
,,,,,,,,,,,,,,,,,,,,,,,,,,,,,,,,,,,,,,,,,,,,,,,,,,,,14,3,21,10*,7.00,29,72.41,0,0,3,0,4,0,14,2,2,2*,-,2,100.00,0,0,0,0,1,0,14,0,4,4,4.00,3,133.33,0,0,1,0,1,0,https://www.iplt20.com/teams/punjab-kings/squad-details/4698,Arshdeep Singh,,,,,,,,,,,,,,,,,,,,,,,,,,,,,,,,,,,,,,,,,,,,,,,,,,,,,,,,,,,,,,,,,,3,0,0,0,0.00,0,0.00,0,0,0,0,0,0,8,0,0,0*,0.00,3,0.00,0,0,0,0,2,0,12,2,2,1*,0.00,3,66.66,0,0,0,0,4,0,,,,,,,,,,,,,,,,,,,,,,,,,,
,,,,,,,,,,,,,,,,,,,,,,,,,,,,,,,,,,,,,,,,,,,,,,,,,,,,,,,,,,,,,,,,,,,,,,,,,,,,,,,,,,,,,,,,,,,https://www.iplt20.com/teams/punjab-kings/squad-details/94,Mohammad Shami,,,,,,,,,,,,,,,,,,,,,,,,,,,,,,,,,,,,,,,,,,,,,,,,,,,,,,,,,,,,,,,,,,14,1,1,1*,1.00,2,50.00,0,0,0,0,5,0,14,2,2,2*,2.00,3,66.66,0,0,0,0,2,0,14,3,13,9*,13.00,17,76.47,0,0,0,0,1,0,,,,,,,,,,,,,,,,,,,,,,,,,,
,,,,,,,,,,,,,,,,,,,,,,,,,,,,,,,,,,,,,,,,,,,,,,,,,,,,,,,,,,,,,,,,,,,,,,,,,,,,,,,,,,,,,,,,,,,https://www.iplt20.com/teams/punjab-kings/squad-details/1556,Deepak Hooda,,,,,,,,,,,,,,,,,,,,,,,,,,,,,,,,,,,,,,,,,,,,,,,,,,,,,,,,,,,,,,,,,,,,,,,,,,,,,,,7,4,101,62*,101.00,71,142.25,0,1,5,5,3,0,12,1,160,64,16.00,123,130.08,0,1,9,9,7,0,,,,,,,,,,,,,,,,,,,,,,,,,,
,,,,,,,,,,,,,,,,,,,,,,,,,,,,,,,,,,,,,,,,,,,,,,,,,,,,,,,,,,,,,,,,,,,,,,,,,,,,,,,,,,,,,,,,,,,https://www.iplt20.com/teams/punjab-kings/squad-details/3834,Krishnappa Gowtham,,,,,,,,,,,,,,,,,,,,,,,,,,,,,,,,,,,,,,,,,,,,,,,,,,,,,,,,,,,,,,,,,,,,,,,,,,,,,,,2,1,42,22*,42.00,27,155.55,0,0,3,2,0,0,,,,,,,,,,,,,,,,,,,,,,,,,,,,,,,,,,,,,,,
,,,,,,,,,,,,,,,,,,,,,,,,,,,,,,,,,,,,,,,,,,,,,,,,,,,,,,,,,,,,,,,,,,,,,,,,,,,,,,,,,,,,,,,,,,,https://www.iplt20.com/teams/punjab-kings/squad-details/3777,Ishan Porel,,,,,,,,,,,,,,,,,,,,,,,,,,,,,,,,,,,,,,,,,,,,,,,,,,,,,,,,,,,,,,,,,,,,,,,,,,,,,,,,,,,,,,,,,,,,1,0,0,0,0.00,0,0.00,0,0,0,0,0,0,,,,,,,,,,,,,,,,,,,,,,,,,,
,,,,,,,,,,,,,,,,,,,,,,,,,,,,,,,,,,,,,,,,,,,,,,,,,,,,,,,,,,,,,,,,,,,,,,,,,,,,,,,,,,,,,,,,,,,https://www.iplt20.com/teams/punjab-kings/squad-details/1299,Chris Jordan,,,,,,,,,,,,,,,,,,,,,,,,,,,,,,,,,,,,,,,,,,,,,,,,,,,,,,,,,,,,,,,,,,,,,,,,,,,,,,,9,2,29,13,9.66,31,93.54,0,0,2,0,5,0,4,0,32,30,16.00,21,152.38,0,0,1,3,0,0,,,,,,,,,,,,,,,,,,,,,,,,,,
,,,,,,,,,,,,,,,,,,,,,,,,,,,,,,,,,,,,,,,,,,,,,,,,,,,,,,,,,,,,,,,,,,,,,,,,,,,,,,,,,,,,,,,,,,,https://www.iplt20.com/teams/punjab-kings/squad-details/19351,Ravi Bishnoi,,,,,,,,,,,,,,,,,,,,,,,,,,,,,,,,,,,,,,,,,,,,,,,,,,,,,,,,,,,,,,,,,,,,,,,,,,,,,,,14,2,7,6*,7.00,12,58.33,0,0,1,0,2,0,9,0,1,1,1.00,4,25.00,0,0,0,0,2,0,,,,,,,,,,,,,,,,,,,,,,,,,,
,,,,,,,,,,,,,,,,,,,,,,,,,,,,,,,,,,,,,,,,,,,,,,,,,,,,,,,,,,,,,,,,,,,,,,,,,,,,,,,,,,,,,,,,,,,https://www.iplt20.com/teams/punjab-kings/squad-details/2741,Jagadeesha Suchith,,,,,,,,,,,,,,,,,,,,,,,,,,,,,,,,,,,,,,,,,,,,,,,,,,,,,,,,,,,,,,,,,,,,,,,,,,,,,,,,,,,,,,,,,,,,,,,,,,,,,,,,,,,,,,,,,,,,,,,,,,,,,,,,,,
,,,,,,,,,,,,,,,,,,,,,,,,,,,,,,,,,,,,,,,,,,,,,,,,,,,,,,,,,,,,,,,,,,,,,,,,,,,,,,,,,,,,,,,,,,,https://www.iplt20.com/teams/punjab-kings/squad-details/1667,Aiden Markram,,,,,,,,,,,,,,,,,,,,,,,,,,,,,,,,,,,,,,,,,,,,,,,,,,,,,,,,,,,,,,,,,,,,,,,,,,,,,,,,,,,,,,,,,,,,6,1,146,42,29.20,119,122.68,0,0,12,4,3,0,,,,,,,,,,,,,,,,,,,,,,,,,,
,,,,,,,,,,,,,,,,,,,,,,,,,,,,,,,,,,,,,,,,,,,,,,,,,,,,8,1,117,26,16.71,108,108.33,0,0,4,9,3,0,14,6,156,41*,22.29,94,165.96,0,0,13,9,7,0,,,,,,,,,,,,,,https://www.iplt20.com/teams/punjab-kings/squad-details/7779,Shahrukh Khan,,,,,,,,,,,,,,,,,,,,,,,,,,,,,,,,,,,,,,,,,,,,,,,,,,,,,,,,,,,,,,,,,,,,,,,,,,,,,,,,,,,,,,,,,,,,11,3,153,47,21.85,114,134.21,0,0,9,10,4,0,,,,,,,,,,,,,,,,,,,,,,,,,,
,,,,,,,,,,,,,,,,,,,,,,,,,,,,,,,,,,,,,,,,,,,,,,,,,,,,,,,,,,,,,,,,,,,,,,,,,,,,,,,,,,,,,,,,,,,https://www.iplt20.com/teams/punjab-kings/squad-details/1707,Fabian Allen,,,,,,,,,,,,,,,,,,,,,,,,,,,,,,,,,,,,,,,,,,,,,,,,,,,,,,,,,,,,,,,,,,,,,,,,,,,,,,,,,,,,,,,,,,,,4,2,6,6,6.00,12,50.00,0,0,0,0,2,0,,,,,,,,,,,,,,,,,,,,,,,,,,
,,,,,,,,,,,,,,,,,,,,,,,,,,,,,,,,,,,,,,,,,,,,,,,,,,,,,,,,,,,,,,,,,,,,,,,,,,,,,,,,,,,,,,,,,,,https://www.iplt20.com/teams/punjab-kings/squad-details/3781,Jhye Richardson,,,,,,,,,,,,,,,,,,,,,,,,,,,,,,,,,,,,,,,,,,,,,,,,,,,,,,,,,,,,,,,,,,,,,,,,,,,,,,,,,,,,,,,,,,,,3,0,15,15,7.50,24,62.50,0,0,2,0,1,0,,,,,,,,,,,,,,,,,,,,,,,,,,
,,,,,,,,,,,,,,,,,,,,,,,,,,,,,,,,,,,,,,,,,,,,,,,,,,,,,,,,,,,,,,,,,,,,,,,,,,,,,,,,,,,,,,,,,,,https://www.iplt20.com/teams/punjab-kings/squad-details/4055,Riley Meredith,,,,,,,,,,,,,,,,,,,,,,,,,,,,,,,,,,,,,,,,,,,,,,,,,,,,,,,,,,,,,,,,,,,,,,,,,,,,,,,,,,,,,,,,,,,,5,0,0,0,0.00,0,0.00,0,0,0,0,0,0,,,,,,,,,,,,,,,,,,,,,,,,,,
,,,,,,,,,,,,,,,,,,,,,,,,,,,,,,,,,,,,,,,,,,,,,,,,,,,,,,,,,,,,,,,,,,,,,,,,,,,,,,,,,,,,,,,,,,,https://www.iplt20.com/teams/punjab-kings/squad-details/796,Adil Rashid,,,,,,,,,,,,,,,,,,,,,,,,,,,,,,,,,,,,,,,,,,,,,,,,,,,,,,,,,,,,,,,,,,,,,,,,,,,,,,,,,,,,,,,,,,,,,,,,,,,,,,,,,,,,,,,,,,,,,,,,,,,,,,,,,,
,,,,,,,,,,,,,,,,,,,,,,,,,,,,,,,,,,,,,,,,,,,,,,,,,,,,2,0,0,0,0.00,2,0.00,0,0,0,0,1,0,10,0,1,1,0.50,7,14.29,0,0,0,0,2,0,1,0,0,0,-,,-,0,0,0,0,0,0,https://www.iplt20.com/teams/punjab-kings/squad-details/17118,Nathan Ellis,,,,,,,,,,,,,,,,,,,,,,,,,,,,,,,,,,,,,,,,,,,,,,,,,,,,,,,,,,,,,,,,,,,,,,,,,,,,,,,,,,,,,,,,,,,,3,1,18,12,18.00,16,112.50,0,0,0,1,0,0,,,,,,,,,,,,,,,,,,,,,,,,,,
,,,,,,,,,,,,,,,,,,,,,,,,,,,,,,,,,,,,,,,,,,,,,,,,,,,,,,,,,,,,,,,,,,,,,,,,,,,,,,,,,,,,,,,,,,,https://www.iplt20.com/teams/punjab-kings/squad-details/20604,Bhanuka Rajapaksa,,,,,,,,,,,,,,,,,,,,,,,,,,,,,,,,,,,,,,,,,,,,,,,,,,,,,,,,,,,,,,,,,,,,,,,,,,,,,,,,,,,,,,,,,,,,,,,,,,,,,,,,,,,,,,,,,,,,,,,,,,,,,,,,,,
,,,,,,,,,,,,,,,,,,,,,,,,,,,,,,,,,,,,,,,,,,,,,,,,,,,,14,2,460,88*,38.33,375,122.67,0,3,47,12,10,0,11,2,373,99*,41.44,261,142.91,0,3,49,12,4,0,5,0,152,70,30.40,121,125.62,0,1,18,4,3,0,https://www.iplt20.com/teams/punjab-kings/squad-details/41,Shikhar Dhawan,,,,,,,,,,,,,,,,,,,,,,,,,,,,,,,,,,,,,,,,,,,,,,,,,,,,,,,,,,,,,,,,,,,,,,,,,,,,,,,,,,,,,,,,,,,,,,,,,,,,,,,,,,,,,,,,,,,,,,,,,,,,,,,,,,
,,,,,,,,,,,,,,,,,,,,,,,,,,,,,,,,,,,,,,,,,,,,,,,,,,,,12,2,234,44,29.25,143,163.64,0,0,22,12,9,2,14,1,309,49*,23.77,198,156.06,0,0,22,21,3,2,14,1,187,32*,17.00,142,131.69,0,0,9,12,13,0,https://www.iplt20.com/teams/punjab-kings/squad-details/3185,Jitesh Sharma,,,,,,,,,,,,,,,,,,,,,,,,,,,,,,,,,,,,,,,,,,,,,,,,,,,,,,,,,,,,,,,,,,,,,,,,,,,,,,,,,,,,,,,,,,,,,,,,,,,,,,,,,,,,,,,,,,,,,,,,,,,,,,,,,,
,,,,,,,,,,,,,,,,,,,,,,,,,,,,,,,,,,,,,,,,,,,,,,,,,,,,11,0,253,66,23.00,175,144.57,0,2,34,9,2,0,,,,,,,,,,,,,,11,1,298,108*,29.80,195,152.82,1,0,33,14,8,0,https://www.iplt20.com/teams/punjab-kings/squad-details/506,Jonny Bairstow,,,,,,,,,,,,,,,,,,,,,,,,,,,,,,,,,,,,,,,,,,,,,,,,,,,,,,,,,,,,,,,,,,,,,,,,,,,,,,,,,,,,,,,,,,,,,,,,,,,,,,,,,,,,,,,,,,,,,,,,,,,,,,,,,,
,,,,,,,,,,,,,,,,,,,,,,,,,,,,,,,,,,,,,,,,,,,,,,,,,,,,,,,,,,,,,,,,,7,0,186,66,26.57,129,144.19,0,2,20,6,5,0,2,0,61,46,30.50,39,156.41,0,0,7,2,0,0,https://www.iplt20.com/teams/punjab-kings/squad-details/20603,Atharva Taide,,,,,,,,,,,,,,,,,,,,,,,,,,,,,,,,,,,,,,,,,,,,,,,,,,,,,,,,,,,,,,,,,,,,,,,,,,,,,,,,,,,,,,,,,,,,,,,,,,,,,,,,,,,,,,,,,,,,,,,,,,,,,,,,,,
,,,,,,,,,,,,,,,,,,,,,,,,,,,,,,,,,,,,,,,,,,,,,,,,,,,,,,,,,,,,,,,,,,,,,,,,,,,,,,,,,,,,,,,,,,,https://www.iplt20.com/teams/punjab-kings/squad-details/20606,Writtick Chatterjee,,,,,,,,,,,,,,,,,,,,,,,,,,,,,,,,,,,,,,,,,,,,,,,,,,,,,,,,,,,,,,,,,,,,,,,,,,,,,,,,,,,,,,,,,,,,,,,,,,,,,,,,,,,,,,,,,,,,,,,,,,,,,,,,,,
,,,,,,,,,,,,,,,,,,,,,,,,,,,,,,,,,,,,,,,,,,,,,,,,,,,,,,,,,,,,,,,,,,,,,,,,,,,,,,,,,,,,,,,,,,,https://www.iplt20.com/teams/punjab-kings/squad-details/20608,Ansh Patel,,,,,,,,,,,,,,,,,,,,,,,,,,,,,,,,,,,,,,,,,,,,,,,,,,,,,,,,,,,,,,,,,,,,,,,,,,,,,,,,,,,,,,,,,,,,,,,,,,,,,,,,,,,,,,,,,,,,,,,,,,,,,,,,,,
,,,,,,,,,,,,,,,,,,,,,,,,,,,,,,,,,,,,,,,,,,,,,,,,,,,,,,,,,,,,,,,,,,,,,,,,,,,,,,,,,,,,,,,,,,,https://www.iplt20.com/teams/punjab-kings/squad-details/20605,Benny Howell,,,,,,,,,,,,,,,,,,,,,,,,,,,,,,,,,,,,,,,,,,,,,,,,,,,,,,,,,,,,,,,,,,,,,,,,,,,,,,,,,,,,,,,,,,,,,,,,,,,,,,,,,,,,,,,,,,,,,,,,,,,,,,,,,,
,,,,,,,,,,,,,,,,,,,,,,,,,,,,,,,,,,,,,,,,,,,,,,,,,,,,14,2,437,70,36.42,240,182.08,0,4,29,34,6,0,9,1,279,94,34.88,171,163.16,0,2,20,19,4,0,7,2,111,38*,22.20,78,142.31,0,0,8,7,1,0,https://www.iplt20.com/teams/punjab-kings/squad-details/3644,Liam Livingstone,,,,,,,,,,,,,,,,,,,,,,,,,,,,,,,,,,,,,,,,,,,,,,,,,,,,,,,,,,,,,,,,,,,,,,,,,,,,,,,,,,,,,,,,,,,,,,,,,,,,,,,,,,,,,,,,,,,,,,,,,,,,,,,,,,
,,,,,,,,,,,,,,,,,,,,,,,,,,,,,,,,,,,,,,,,,,,,,,,,,,,,,,,,,,,,,,,,,,,,,,,,,,,,,,,,,,,,,,,,,,,https://www.iplt20.com/teams/punjab-kings/squad-details/20600,Odean Smith,,,,,,,,,,,,,,,,,,,,,,,,,,,,,,,,,,,,,,,,,,,,,,,,,,,,,,,,,,,,,,,,,,,,,,,,,,,,,,,,,,,,,,,,,,,,,,,,,,,,,,,,,,,,,,,,,,,,,,,,,,,,,,,,,,
,,,,,,,,,,,,,,,,,,,,,,,,,,,,,,,,,,,,,,,,,,,,,,,,,,,,1,1,4,4*,-,1,400.00,0,0,1,0,1,0,,,,,,,,,,,,,,,,,,,,,,,,,,,https://www.iplt20.com/teams/punjab-kings/squad-details/20602,Prerak Mankad,,,,,,,,,,,,,,,,,,,,,,,,,,,,,,,,,,,,,,,,,,,,,,,,,,,,,,,,,,,,,,,,,,,,,,,,,,,,,,,,,,,,,,,,,,,,,,,,,,,,,,,,,,,,,,,,,,,,,,,,,,,,,,,,,,
,,,,,,,,,,,,,,,,,,,,,,,,,,,,,,,,,,,,,,,,,,,,,,,,,,,,2,0,11,11,5.50,14,78.57,0,0,1,0,0,0,,,,,,,,,,,,,,,,,,,,,,,,,,,https://www.iplt20.com/teams/punjab-kings/squad-details/20601,Raj Angad Bawa,,,,,,,,,,,,,,,,,,,,,,,,,,,,,,,,,,,,,,,,,,,,,,,,,,,,,,,,,,,,,,,,,,,,,,,,,,,,,,,,,,,,,,,,,,,,,,,,,,,,,,,,,,,,,,,,,,,,,,,,,,,,,,,,,,
,,,,,,,,,,,,,,,,,,,,,,,,,,,,,,,,,,,,,,,,,,,,,,,,,,,,,,,,,,,,,,,,,,,,,,,,,,,,,,,,,,,,,,,,,,,https://www.iplt20.com/teams/punjab-kings/squad-details/20607,Baltej Dhanda,,,,,,,,,,,,,,,,,,,,,,,,,,,,,,,,,,,,,,,,,,,,,,,,,,,,,,,,,,,,,,,,,,,,,,,,,,,,,,,,,,,,,,,,,,,,,,,,,,,,,,,,,,,,,,,,,,,,,,,,,,,,,,,,,,
,,,,,,,,,,,,,,,,,,,,,,,,,,,,,,,,,,,,,,,,,,,,,,,,,,,,13,3,48,25,9.60,43,111.63,0,0,5,2,2,0,6,1,0,0,0.00,2,0.00,0,0,0,0,0,0,11,2,20,11*,20.00,14,142.86,0,0,0,2,5,0,https://www.iplt20.com/teams/punjab-kings/squad-details/1664,Kagiso Rabada,,,,,,,,,,,,,,,,,,,,,,,,,,,,,,,,,,,,,,,,,,,,,,,,,,,,,,,,,,,,,,,,,,,,,,,,,,,,,,,,,,,,,,,,,,,,,,,,,,,,,,,,,,,,,,,,,,,,,,,,,,,,,,,,,,
,,,,,,,,,,,,,,,,,,,,,,,,,,,,,,,,,,,,,,,,,,,,,,,,,,,,13,2,77,25*,12.83,68,113.24,0,0,7,4,5,0,14,1,0,0,0.00,9,0.00,0,0,0,0,4,0,9,1,21,16,21.00,15,140.00,0,0,3,1,3,0,https://www.iplt20.com/teams/punjab-kings/squad-details/3763,Rahul Chahar,,,,,,,,,,,,,,,,,,,,,,,,,,,,,,,,,,,,,,,,,,,,,,,,,,,,,,,,,,,,,,,,,,,,,,,,,,,,,,,,,,,,,,,,,,,,,,,,,,,,,,,,,,,,,,,,,,,,,,,,,,,,,,,,,,
,,,,,,,,,,,,,,,,,,,,,,,,,,,,,,,,,,,,,,,,,,,,,,,,,,,,5,2,5,2,2.50,13,38.46,0,0,0,0,1,0,,,,,,,,,,,,,,,,,,,,,,,,,,,https://www.iplt20.com/teams/punjab-kings/squad-details/14859,Vaibhav Arora,,,,,,,,,,,,,,,,,,,,,,,,,,,,,,,,,,,,,,,,,,,,,,,,,,,,,,,,,,,,,,,,,,,,,,,,,,,,,,,,,,,,,,,,,,,,,,,,,,,,,,,,,,,,,,,,,,,,,,,,,,,,,,,,,,
,,,,,,,,,,,,,,,,,,,,,,,,,,,,,,,,,,,,,,,,,,,,,,,,,,,,,,,,,,,,,,,,,,,,,,,,,,,,,,,,,,,,,,,,,,,https://www.iplt20.com/teams/punjab-kings/squad-details/2032,Matthew William Short,,,,,,,,,,,,,,,,,,,,,,,,,,,,,,,,,,,,,,,,,,,,,,,,,,,,,,,,,,,,,,,,,,,,,,,,,,,,,,,,,,,,,,,,,,,,,,,,,,,,,,,,,,,,,,,,,,,,,,,,,,,,,,,,,,
,,,,,,,,,,,,,,,,,,,,,,,,,,,,,,,,,,,,,,,,,,,,,,,,,,,,,,,,,,,,,,,,,3,0,76,41,25.33,59,128.81,0,0,8,3,1,0,2,0,27,14,13.50,34,79.41,0,0,2,0,0,0,https://www.iplt20.com/teams/punjab-kings/squad-details/5879,Harpreet Bhatia,,,,,,,,,,,,,,,,,,,,,,,,,,,,,,,,,,,,,,,,,,,,,,,,,,,,,,,,,,,,,,,,,,,,,,,,,,,,,,,,,,,,,,,,,,,,,,,,,,,,,,,,,,,,,,,,,,,,,,,,,,,,,,,,,,
,,,,,,,,,,,,,,,,,,,,,,,,,,,,,,,,,,,,,,,,,,,,,,,,,,,,,,,,,,,,,,,,,7,2,139,57,27.80,98,141.84,0,1,10,6,5,0,2,0,43,28,21.50,38,113.16,0,0,2,2,0,0,https://www.iplt20.com/teams/punjab-kings/squad-details/5603,Sikandar Raza,,,,,,,,,,,,,,,,,,,,,,,,,,,,,,,,,,,,,,,,,,,,,,,,,,,,,,,,,,,,,,,,,,,,,,,,,,,,,,,,,,,,,,,,,,,,,,,,,,,,,,,,,,,,,,,,,,,,,,,,,,,,,,,,,,
,,,,,,,,,,,,,,,,,,,,,,,,,,,,,,,,,,,,,,,,,,,,,,,,,,,,,,,,,,,,,,,,,,,,,,,,,,,,,,1,1,2,2*,-,3,66.67,0,0,0,0,2,0,https://www.iplt20.com/teams/punjab-kings/squad-details/5693,Shivam singh,,,,,,,,,,,,,,,,,,,,,,,,,,,,,,,,,,,,,,,,,,,,,,,,,,,,,,,,,,,,,,,,,,,,,,,,,,,,,,,,,,,,,,,,,,,,,,,,,,,,,,,,,,,,,,,,,,,,,,,,,,,,,,,,,,
,,,,,,,,,,,,,,,,,,,,,,,,,,,,,,,,,,,,,,,,,,,,,,,,,,,,,,,,,,,,,,,,,,,,,,,,,,,,,,,,,,,,,,,,,,,https://www.iplt20.com/teams/punjab-kings/squad-details/1094,Gurnoor Singh Brar,,,,,,,,,,,,,,,,,,,,,,,,,,,,,,,,,,,,,,,,,,,,,,,,,,,,,,,,,,,,,,,,,,,,,,,,,,,,,,,,,,,,,,,,,,,,,,,,,,,,,,,,,,,,,,,,,,,,,,,,,,,,,,,,,,
,,,,,,,,,,,,,,,,,,,,,,,,,,,,,,,,,,,,,,,,,,,,,,,,,,,,,,,,,,,,,,,,,,,,,,,,,,,,,,1,0,0,0,-,,-,0,0,0,0,0,0,https://www.iplt20.com/teams/punjab-kings/squad-details/5656,Vidwath Kaverappa,,,,,,,,,,,,,,,,,,,,,,,,,,,,,,,,,,,,,,,,,,,,,,,,,,,,,,,,,,,,,,,,,,,,,,,,,,,,,,,,,,,,,,,,,,,,,,,,,,,,,,,,,,,,,,,,,,,,,,,,,,,,,,,,,,
,,,,,,,,,,,,,,,,,,,,,,,,,,,,,,,,,,,,,,,,,,,,,,,,,,,,,,,,,,,,,,,,,,,,,,,,,,,,,,,,,,,,,,,,,,,https://www.iplt20.com/teams/punjab-kings/squad-details/5856,Mohit Rathee,,,,,,,,,,,,,,,,,,,,,,,,,,,,,,,,,,,,,,,,,,,,,,,,,,,,,,,,,,,,,,,,,,,,,,,,,,,,,,,,,,,,,,,,,,,,,,,,,,,,,,,,,,,,,,,,,,,,,,,,,,,,,,,,,,
,,,,,,,,,,,,,,,,,,,,,,,,,,,,,,,,,,,,,,,,,,,,,,,,,,,,,,,,,,,,,,,,,,,,,,,,,,,,,,8,0,211,61,26.38,116,181.90,0,1,25,11,4,0,https://www.iplt20.com/teams/punjab-kings/squad-details/239,Rilee Rossouw,,,,,,,,,,,,,,,,,,,,,,,,,,,,,,,,,,,,,,,,,,,,,,,,,,,,,,,,,,,,,,,,,,,,,,,,,,,,,,,,,,,,,,,,,,,,,,,,,,,,,,,,,,,,,,,,,,,,,,,,,,,,,,,,,,
,,,,,,,,,,,,,,,,,,,,,,,,,,,,,,,,,,,,,,,,,,,,,,,,,,,,,,,,,,,,,,,,,,,,,,,,,,,,,,14,6,354,68*,44.25,215,164.65,0,2,28,21,7,0,https://www.iplt20.com/teams/punjab-kings/squad-details/3261,Shashank Singh,,,,,,,,,,,,,,,,,,,,,,,,,,,,,,,,,,,,,,,,,,,,,,,,,,,,,,,,,,,,,,,,,,,,,,,,,,,,,,,,,,,,,,,,,,,,,,,,,,,,,,,,,,,,,,,,,,,,,,,,,,,,,,,,,,
,,,,,,,,,,,,,,,,,,,,,,,,,,,,,,,,,,,,,,,,,,,,,,,,,,,,,,,,,,,,,,,,,,,,,,,,,,,,,,,,,,,,,,,,,,,https://www.iplt20.com/teams/punjab-kings/squad-details/967,Chris Woakes,,,,,,,,,,,,,,,,,,,,,,,,,,,,,,,,,,,,,,,,,,,,,,,,,,,,,,,,,,,,,,,,,,,,,,,,,,,,,,,,,,,,,,,,,,,,,,,,,,,,,,,,,,,,,,,,,,,,,,,,,,,,,,,,,,
,,,,,,,,,,,,,,,,,,,,,,,,,,,,,,,,,,,,,,,,,,,,,,,,,,,,,,,,,,,,,,,,,,,,,,,,,,,,,,,,,,,,,,,,,,,https://www.iplt20.com/teams/punjab-kings/squad-details/20704,Vishwanath Pratap Singh,,,,,,,,,,,,,,,,,,,,,,,,,,,,,,,,,,,,,,,,,,,,,,,,,,,,,,,,,,,,,,,,,,,,,,,,,,,,,,,,,,,,,,,,,,,,,,,,,,,,,,,,,,,,,,,,,,,,,,,,,,,,,,,,,,
,,,,,,,,,,,,,,,,,,,,,,,,,,,,,,,,,,,,,,,,,,,,,,,,,,,,,,,,,,,,,,,,,,,,,,,,,,,,,,11,2,189,61,27.00,113,167.26,0,1,10,15,2,0,https://www.iplt20.com/teams/punjab-kings/squad-details/20703,Ashutosh Sharma,,,,,,,,,,,,,,,,,,,,,,,,,,,,,,,,,,,,,,,,,,,,,,,,,,,,,,,,,,,,,,,,,,,,,,,,,,,,,,,,,,,,,,,,,,,,,,,,,,,,,,,,,,,,,,,,,,,,,,,,,,,,,,,,,,
,,,,,,,,,,,,,,,,,,,,,,,,,,,,,,,,,,,,,,,,,,,,,,,,,,,,,,,,,,,,,,,,,,,,,,,,,,,,,,,,,,,,,,,,,,,https://www.iplt20.com/teams/punjab-kings/squad-details/20705,Tanay Thyagarajann,,,,,,,,,,,,,,,,,,,,,,,,,,,,,,,,,,,,,,,,,,,,,,,,,,,,,,,,,,,,,,,,,,,,,,,,,,,,,,,,,,,,,,,,,,,,,,,,,,,,,,,,,,,,,,,,,,,,,,,,,,,,,,,,,,
,,,,,,,,,,,,,,,,,,,,,,,,,,,,,,,,,,,,,,,,,,,,,,,,,,,,,,,,,,,,,,,,,,,,,,,,,,,,,,14,1,13,12,4.33,19,68.42,0,0,1,1,5,0,https://www.iplt20.com/teams/punjab-kings/squad-details/157,Harshal Patel,,,,,,,,,,,,,,,,,,,,,,,,,,,,,,,,,,,,,,,,,,,,,,,,,,,,,,,,,,,,,,,,,,,,,,,,,,,,,,,,,,,,,,,,,,,,,,,,,,,,,,,,,,,,,,,,,,,,,,,,,,,,,,,,,,
,,,,,,,,,,,,,,,,,,,,,,,,,,,,,,,,,,,,,,,,,,,,,,,,,,,,,,,,,,,,,,,,,,,,,,,,,,,,,,,,,,,,,,,,,,,https://www.iplt20.com/teams/punjab-kings/squad-details/20709,Prince Choudhary,,,,,,,,,,,,,,,,,,,,,,,,,,,,,,,,,,,,,,,,,,,,,,,,,,,,,,,,,,,,,,,,,,,,,,,,,,,,,,,,,,,,,,,,,,,,,,,,,,,,,,,,,,,,,,,,,,,,,,,,,,,,,,,,,,
