Mat_2008,Balls_2008,Runs_2008,Wkts_2008,BBM_2008,Avg_2008,Econ_2008,SR_2008,4W_2008,5W_2008,Mat_2009,Balls_2009,Runs_2009,Wkts_2009,BBM_2009,Avg_2009,Econ_2009,SR_2009,4W_2009,5W_2009,Mat_2010,Balls_2010,Runs_2010,Wkts_2010,BBM_2010,Avg_2010,Econ_2010,SR_2010,4W_2010,5W_2010,Mat_2014,Balls_2014,Runs_2014,Wkts_2014,BBM_2014,Avg_2014,Econ_2014,SR_2014,4W_2014,5W_2014,player_id,player_name,Mat_2019,Balls_2019,Runs_2019,Wkts_2019,BBM_2019,Avg_2019,Econ_2019,SR_2019,4W_2019,5W_2019,Mat_2020,Balls_2020,Runs_2020,Wkts_2020,BBM_2020,Avg_2020,Econ_2020,SR_2020,4W_2020,5W_2020,Mat_2021,Balls_2021,Runs_2021,Wkts_2021,BBM_2021,Avg_2021,Econ_2021,SR_2021,4W_2021,5W_2021,Mat_2015,Balls_2015,Runs_2015,Wkts_2015,BBM_2015,Avg_2015,Econ_2015,SR_2015,4W_2015,5W_2015,Mat_2016,Balls_2016,Runs_2016,Wkts_2016,BBM_2016,Avg_2016,Econ_2016,SR_2016,4W_2016,5W_2016,Mat_2017,Balls_2017,Runs_2017,Wkts_2017,BBM_2017,Avg_2017,Econ_2017,SR_2017,4W_2017,5W_2017,Mat_2018,Balls_2018,Runs_2018,Wkts_2018,BBM_2018,Avg_2018,Econ_2018,SR_2018,4W_2018,5W_2018,Mat_2011,Balls_2011,Runs_2011,Wkts_2011,BBM_2011,Avg_2011,Econ_2011,SR_2011,4W_2011,5W_2011,Mat_2012,Balls_2012,Runs_2012,Wkts_2012,BBM_2012,Avg_2012,Econ_2012,SR_2012,4W_2012,5W_2012,Mat_2013,Balls_2013,Runs_2013,Wkts_2013,BBM_2013,Avg_2013,Econ_2013,SR_2013,4W_2013,5W_2013,Mat_2022,Balls_2022,Runs_2022,Wkts_2022,BBM_2022,Avg_2022,Econ_2022,SR_2022,4W_2022,5W_2022,Mat_2023,Balls_2023,Runs_2023,Wkts_2023,BBM_2023,Avg_2023,Econ_2023,SR_2023,4W_2023,5W_2023,Mat_2024,Balls_2024,Runs_2024,Wkts_2024,BBM_2024,Avg_2024,Econ_2024,SR_2024,4W_2024,5W_2024
13,0,0,0,-,-,-,-,0,0,15,0,0,0,-,-,-,-,0,0,14,0,0,0,-,-,-,-,0,0,14,0,0,0,-,-,-,-,0,0,https://www.iplt20.com/teams/delhi-capitals/squad-details/102,Dinesh Karthik,,,,,,,,,,,,,,,,,,,,,,,,,,,,,,,,,,,,,,,,,,,,,,,,,,,,,,,,,,,,,,,,,,,,,,,,,,,,,,,,,,,,,,,,,,,,,,,,,,,,,,,,,,,,,,,,,,,,,,,,,,,,,,,,,,
14,0,0,0,-,-,-,-,0,0,,,,,,,,,,,,,,,,,,,,,,,,,,,,,,,https://www.iplt20.com/teams/delhi-capitals/squad-details/41,Shikhar Dhawan,16,0,0,0,-,-,-,-,0,0,17,0,0,0,-,-,-,-,0,0,16,0,0,0,-,-,-,-,0,0,,,,,,,,,,,,,,,,,,,,,,,,,,,,,,,,,,,,,,,,,,,,,,,,,,,,,,,,,,,,,,,,,,,,,,,,,,,,,,,,,,,,,,,,,,,,,,,,,,,,
7,144,215,5,2/29,43.00,8.95,28.80,0,0,13,280,360,15,3/18,24.00,7.71,18.67,0,0,8,186,258,9,3/22,28.66,8.32,20.66,0,0,,,,,,,,,,,https://www.iplt20.com/teams/delhi-capitals/squad-details/91,Pradeep Sangwan,,,,,,,,,,,,,,,,,,,,,,,,,,,,,,,,,,,,,,,,,,,,,,,,,,,,,,,,,,,,,,,,,,,,,,,,,,,,,,,,,,,,,,,,,,,,,,,,,,,,,,,,,,,,,,,,,,,,,,,,,,,,,,,,,,
6,119,142,11,5/17,12.90,7.15,10.81,0,1,11,253,294,14,3/14,21.00,6.97,18.07,0,0,14,318,363,17,3/25,21.35,6.84,18.70,0,0,,,,,,,,,,,https://www.iplt20.com/teams/delhi-capitals/squad-details/30,Amit Mishra,11,240,270,11,3/17,24.54,6.75,21.81,0,0,3,60,72,3,2/35,24.00,7.20,20.00,0,0,4,84,109,6,4/24,18.16,7.78,14.00,1,0,12,241,310,9,2/32,34.44,7.71,26.77,0,0,14,276,344,13,4/11,26.46,7.47,21.23,1,0,14,233,343,10,3/11,34.30,8.83,23.30,0,0,10,222,264,12,3/19,22.00,7.13,18.50,0,0,,,,,,,,,,,,,,,,,,,,,,,,,,,,,,,,,,,,,,,,,,,,,,,,,,,,,,,,,,,,
,,,,,,,,,,7,0,0,0,-,-,-,-,0,0,11,0,0,0,-,-,-,-,0,0,,,,,,,,,,,https://www.iplt20.com/teams/delhi-capitals/squad-details/170,David Warner,,,,,,,,,,,,,,,,,,,,,,,,,,,,,,,,,,,,,,,,,,,,,,,,,,,,,,,,,,,,,,,,,,,,,,,13,0,0,0,-,-,-,-,0,0,8,0,0,0,-,-,-,-,0,0,16,0,0,0,-,-,-,-,0,0,12,0,0,0,-,-,-,-,0,0,14,0,0,0,-,-,-,-,0,0,8,0,0,0,-,-,-,-,0,0
,,,,,,,,,,,,,,,,,,,,,,,,,,,,,,8,181,223,6,2/21,37.16,7.39,30.16,0,0,https://www.iplt20.com/teams/delhi-capitals/squad-details/223,Wayne Parnell,,,,,,,,,,,,,,,,,,,,,,,,,,,,,,,,,,,,,,,,,,,,,,,,,,,,,,,,,,,,,,,,,,,,,,,,,,,,,,,,,,,,,,,,,,,,,,,,,,,,,,,,,,,,,,,,,,,,,,,,,,,,,,,,,,
,,,,,,,,,,,,,,,,,,,,7,144,184,6,2/24,30.66,7.66,24.00,0,0,,,,,,,,,,,https://www.iplt20.com/teams/delhi-capitals/squad-details/59,Umesh Yadav,,,,,,,,,,,,,,,,,,,,,,,,,,,,,,,,,,,,,,,,,,,,,,,,,,,,,,,,,,,,,,,,,,,,,,,7,108,169,2,2/29,84.50,9.38,54.00,0,0,17,366,453,19,3/19,23.84,7.42,19.26,0,0,16,347,508,16,4/24,31.75,8.78,21.68,1,0,,,,,,,,,,,,,,,,,,,,,,,,,,,,,,
,,,,,,,,,,,,,,,,,,,,,,,,,,,,,,,,,,,,,,,,https://www.iplt20.com/teams/delhi-capitals/squad-details/167,Aaron Finch,,,,,,,,,,,,,,,,,,,,,,,,,,,,,,,,,,,,,,,,,,,,,,,,,,,,,,,,,,,,,,,,,,,,,,,6,12,13,0,0/13,-,6.50,-,0,0,2,0,0,0,-,-,-,-,0,0,,,,,,,,,,,,,,,,,,,,,,,,,,,,,,,,,,,,,,,,
,,,,,,,,,,,,,,,,,,,,,,,,,,,,,,11,228,311,8,2/35,38.87,8.18,28.50,0,0,https://www.iplt20.com/teams/delhi-capitals/squad-details/57,Shahbaz Nadeem,,,,,,,,,,,,,,,,,,,,,,,,,,,,,,,4,42,43,0,0/18,-,6.14,-,0,0,4,90,127,2,2/23,63.50,8.46,45.00,0,0,7,107,119,6,2/13,19.83,6.67,17.83,0,0,6,90,161,3,2/34,53.66,10.73,30.00,0,0,5,114,142,4,2/39,35.50,7.47,28.50,0,0,12,270,318,8,3/16,39.75,7.06,33.75,0,0,12,264,259,9,2/17,28.77,5.88,29.33,0,0,,,,,,,,,,,,,,,,,,,,,,,,,,,,,,
,,,,,,,,,,,,,,,,,,,,,,,,,,,,,,,,,,,,,,,,https://www.iplt20.com/teams/delhi-capitals/squad-details/61,Varun Aaron,,,,,,,,,,,,,,,,,,,,,,,,,,,,,,,,,,,,,,,,,,,,,,,,,,,,,,,,,,,,,,,,,,,,,,,4,72,82,2,1/20,41.00,6.83,36.00,0,0,8,186,271,8,2/19,33.87,8.74,23.25,0,0,,,,,,,,,,,,,,,,,,,,,,,,,,,,,,,,,,,,,,,,
,,,,,,,,,,,,,,,,,,,,,,,,,,,,,,,,,,,,,,,,https://www.iplt20.com/teams/delhi-capitals/squad-details/282,Glenn Maxwell,,,,,,,,,,,,,,,,,,,,,,,,,,,,,,,,,,,,,,,,,,,,,,,,,,,,,,,,,,,,,12,96,132,5,2/22,26.40,8.25,19.20,0,0,,,,,,,,,,,2,18,22,1,1/10,22.00,7.33,18.00,0,0,,,,,,,,,,,,,,,,,,,,,,,,,,,,,,,,,,,,,,,,
,,,,,,,,,,,,,,,,,,,,,,,,,,,,,,,,,,,,,,,,https://www.iplt20.com/teams/delhi-capitals/squad-details/177,Andre Russell,,,,,,,,,,,,,,,,,,,,,,,,,,,,,,,,,,,,,,,,,,,,,,,,,,,,,,,,,,,,,,,,,,,,,,,,,,,,,,,,,4,96,161,1,1/51,161.00,10.06,96.00,0,0,3,42,68,0,0/13,-,9.71,-,0,0,,,,,,,,,,,,,,,,,,,,,,,,,,,,,,
,,,,,,,,,,,,,,,,,,,,,,,,,,,,,,5,78,126,2,1/5,63.00,9.69,39.00,0,0,https://www.iplt20.com/teams/delhi-capitals/squad-details/1086,Siddharth Kaul,,,,,,,,,,,,,,,,,,,,,,,,,,,,,,,,,,,,,,,,,,,,,,,,,,,,,,,,,,,,,,,,,,,,,,,,,,,,,,,,,,,,,,,,,,,6,131,170,4,2/27,42.50,7.78,32.75,0,0,,,,,,,,,,,,,,,,,,,,,,,,,,,,,,
,,,,,,,,,,,,,,,,,,,,,,,,,,,,,,7,0,0,0,-,-,-,-,0,0,https://www.iplt20.com/teams/delhi-capitals/squad-details/834,Quinton de Kock,,,,,,,,,,,,,,,,,,,,,,,,,,,,,,,3,0,0,0,-,-,-,-,0,0,13,0,0,0,-,-,-,-,0,0,,,,,,,,,,,,,,,,,,,,,,,,,,,,,,,,,,,,,,,,,,,,,,,,,,,,,,,,,,,,,,,,,,,,,,,,,,,,,,,,
,,,,,,,,,,,,,,,,,,,,,,,,,,,,,,8,0,0,0,-,-,-,-,0,0,https://www.iplt20.com/teams/delhi-capitals/squad-details/158,Mayank Agarwal,,,,,,,,,,,,,,,,,,,,,,,,,,,,,,,10,0,0,0,-,-,-,-,0,0,3,0,0,0,-,-,-,-,0,0,,,,,,,,,,,,,,,,,,,,,,,,,,,,,,,,,,,,,,,,,,,,,,,,,,,,,,,,,,,,,,,,,,,,,,,,,,,,,,,,
,,,,,,,,,,,,,,,,,,,,,,,,,,,,,,,,,,,,,,,,https://www.iplt20.com/teams/delhi-capitals/squad-details/1740,Jayant Yadav,,,,,,,,,,,,,,,,,,,,,,,,,,,,,,,3,42,29,2,1/8,14.50,4.14,21.00,0,0,5,102,125,2,1/23,62.50,7.35,51.00,0,0,2,36,42,0,0/16,-,7.00,-,0,0,,,,,,,,,,,,,,,,,,,,,,,,,,,,,,,,,,,,,,,,,,,,,,,,,,,,,,,,,,,,,,,,,,,,,,
,,,,,,,,,,,,,,,,,,,,,,,,,,,,,,2,24,27,2,2/27,13.50,6.75,12.00,0,0,https://www.iplt20.com/teams/delhi-capitals/squad-details/840,Nathan Coulter-Nile,,,,,,,,,,,,,,,,,,,,,,,,,,,,,,,11,255,321,15,4/20,21.40,7.55,17.00,1,0,4,90,114,3,2/25,38.00,7.60,30.00,0,0,,,,,,,,,,,,,,,,,,,,,,,,,,,,,,,,,,,,,,,,,,,,,,,,,,,,,,,,,,,,,,,,,,,,,,,,,,,,,,,,
,,,,,,,,,,,,,,,,,,,,,,,,,,,,,,9,187,270,9,3/32,30.00,8.66,20.77,0,0,https://www.iplt20.com/teams/delhi-capitals/squad-details/86,Jaydev Unadkat,,,,,,,,,,,,,,,,,,,,,,,,,,,,,,,1,18,30,0,0/30,-,10.00,-,0,0,,,,,,,,,,,,,,,,,,,,,,,,,,,,,,,,,,,,,,,,,,,,,,,,,,,,,,,,,,,,,,,,,,,,,,,,,,,,,,,,,,,,,,,,,,
,,,,,,,,,,,,,,,,,,,,,,,,,,,,,,12,264,369,7,1/22,52.71,8.38,37.71,0,0,https://www.iplt20.com/teams/delhi-capitals/squad-details/94,Mohammad Shami,,,,,,,,,,,,,,,,,,,,,,,,,,,,,,,,,,,,,,,,,8,151,244,5,2/34,48.80,9.69,30.20,0,0,8,156,243,5,2/36,48.60,9.34,31.20,0,0,4,83,144,3,1/29,48.00,10.40,27.66,0,0,,,,,,,,,,,,,,,,,,,,,,,,,,,,,,,,,,,,,,,,,,,,,,,,,,,,,,,,,,,,
,,,,,,,,,,,,,,,,,,,,,,,,,,,,,,,,,,,,,,,,https://www.iplt20.com/teams/delhi-capitals/squad-details/2734,K.S Bharat,,,,,,,,,,,,,,,,,,,,,,,,,,,,,,,,,,,,,,,,,,,,,,,,,,,,,,,,,,,,,,,,,,,,,,,,,,,,,,,,,,,,,,,,,,,,,,,,,,,,,2,0,0,0,-,-,-,-,0,0,,,,,,,,,,,,,,,,,,,,
,,,,,,,,,,,,,,,,,,,,,,,,,,,,,,,,,,,,,,,,https://www.iplt20.com/teams/delhi-capitals/squad-details/1563,Shreyas Iyer,16,0,0,0,-,-,-,-,0,0,17,0,0,0,-,-,-,-,0,0,8,0,0,0,-,-,-,-,0,0,14,0,0,0,-,-,-,-,0,0,6,0,0,0,-,-,-,-,0,0,12,0,0,0,-,-,-,-,0,0,14,0,0,0,-,-,-,-,0,0,,,,,,,,,,,,,,,,,,,,,,,,,,,,,,,,,,,,,,,,,,,,,,,,,,,,,,,,,,,,
,,,,,,,,,,,,,,,,,,,,,,,,,,,,,,,,,,,,,,,,https://www.iplt20.com/teams/delhi-capitals/squad-details/964,Marcus Stoinis,,,,,,,,,,,17,178,283,13,3/26,21.76,9.53,13.69,0,0,10,67,117,2,1/7,58.50,10.47,33.50,0,0,,,,,,,,,,,,,,,,,,,,,,,,,,,,,,,,,,,,,,,,,,,,,,,,,,,,,,,,,,,,,,,,,,,,,,,,,,,,,,,,,,,,,,,,,,,,,,,,,,,,
,,,,,,,,,,,,,,,,,,,,,,,,,,,,,,,,,,,,,,,,https://www.iplt20.com/teams/delhi-capitals/squad-details/258,Sanju Samson,,,,,,,,,,,,,,,,,,,,,,,,,,,,,,,,,,,,,,,,,14,0,0,0,-,-,-,-,0,0,14,0,0,0,-,-,-,-,0,0,,,,,,,,,,,,,,,,,,,,,,,,,,,,,,,,,,,,,,,,,,,,,,,,,,,,,,,,,,,,,,,,,,,,,,
,,,,,,,,,,,,,,,,,,,,,,,,,,,,,,,,,,,,,,,,https://www.iplt20.com/teams/delhi-capitals/squad-details/2972,Rishabh Pant,16,0,0,0,-,-,-,-,0,0,14,0,0,0,-,-,-,-,0,0,16,0,0,0,-,-,-,-,0,0,,,,,,,,,,,10,0,0,0,-,-,-,-,0,0,14,0,0,0,-,-,-,-,0,0,14,0,0,0,-,-,-,-,0,0,,,,,,,,,,,,,,,,,,,,,,,,,,,,,,,14,0,0,0,-,-,-,-,0,0,,,,,,,,,,,13,0,0,0,-,-,-,-,0,0
,,,,,,,,,,,,,,,,,,,,,,,,,,,,,,,,,,,,,,,,https://www.iplt20.com/teams/delhi-capitals/squad-details/2756,Sam Billings,,,,,,,,,,,,,,,,,,,,,,,,,,,,,,,,,,,,,,,,,5,0,0,0,-,-,-,-,0,0,6,0,0,0,-,-,-,-,0,0,,,,,,,,,,,,,,,,,,,,,,,,,,,,,,,,,,,,,,,,,,,,,,,,,,,,,,,,,,,,,,,,,,,,,,
,,,,,,,,,,,,,,,,,,,,,,,,,,,,,,,,,,,,,,,,https://www.iplt20.com/teams/delhi-capitals/squad-details/276,Karun Nair,,,,,,,,,,,,,,,,,,,,,,,,,,,,,,,,,,,,,,,,,14,0,0,0,-,-,-,-,0,0,14,0,0,0,-,-,-,-,0,0,,,,,,,,,,,,,,,,,,,,,,,,,,,,,,,,,,,,,,,,,,,,,,,,,,,,,,,,,,,,,,,,,,,,,,
,,,,,,,,,,,,,,,,,,,,,,,,,,,,,,,,,,,,,,,,https://www.iplt20.com/teams/delhi-capitals/squad-details/2964,Khaleel Ahmed,,,,,,,,,,,,,,,,,,,,,,,,,,,,,,,,,,,,,,,,,,,,,,,,,,,,,,,,,,,,,,,,,,,,,,,,,,,,,,,,,,,,,,,,,,,,,,,,,,,,,10,235,315,16,3/25,19.69,8.04,14.69,0,0,9,198,301,9,2/24,33.44,9.12,22.00,0,0,14,300,479,17,2/21,28.18,9.58,17.65,0,0
,,,,,,,,,,,,,,,,,,,,,,,,,,,,,,,,,,,,,,,,https://www.iplt20.com/teams/delhi-capitals/squad-details/1664,Kagiso Rabada,12,282,368,25,4/21,14.72,7.82,11.28,2,0,17,394,548,30,4/24,18.26,8.34,13.13,2,0,15,336,456,15,3/36,30.40,8.14,22.40,0,0,,,,,,,,,,,,,,,,,,,,,6,128,188,6,2/20,31.33,8.81,21.33,0,0,,,,,,,,,,,,,,,,,,,,,,,,,,,,,,,,,,,,,,,,,,,,,,,,,,,,,,,,,,,,,,,,,,,,,,
,,,,,,,,,,,,,,,,,,,,,,,,,,,,,,,,,,,,,,,,https://www.iplt20.com/teams/delhi-capitals/squad-details/488,Pat Cummins,,,,,,,,,,,,,,,,,,,,,,,,,,,,,,,,,,,,,,,,,,,,,,,,,,,12,277,373,15,2/20,24.86,8.07,18.46,0,0,,,,,,,,,,,,,,,,,,,,,,,,,,,,,,,,,,,,,,,,,,,,,,,,,,,,,,,,,,,,,,,,,,,,,,
,,,,,,,,,,,,,,,,,,,,,,,,,,,,,,,,,,,,,,,,https://www.iplt20.com/teams/delhi-capitals/squad-details/1906,Jason Roy,,,,,,,,,,,,,,,,,,,,,,,,,,,,,,,,,,,,,,,,,,,,,,,,,,,,,,,,,,,,,5,0,0,0,-,-,-,-,0,0,,,,,,,,,,,,,,,,,,,,,,,,,,,,,,,,,,,,,,,,,,,,,,,,,,,,,,,,,,,,
,,,,,,,,,,,,,,,,,,,,,,,,,,,,,,,,,,,,,,,,https://www.iplt20.com/teams/delhi-capitals/squad-details/3764,Prithvi Shaw,16,0,0,0,-,-,-,-,0,0,13,0,0,0,-,-,-,-,0,0,15,0,0,0,-,-,-,-,0,0,,,,,,,,,,,,,,,,,,,,,,,,,,,,,,,9,0,0,0,-,-,-,-,0,0,,,,,,,,,,,,,,,,,,,,,,,,,,,,,,,10,0,0,0,-,-,-,-,0,0,8,0,0,0,-,-,-,-,0,0,8,0,0,0,-,-,-,-,0,0
,,,,,,,,,,,,,,,,,,,,,,,,,,,,,,,,,,,,,,,,https://www.iplt20.com/teams/delhi-capitals/squad-details/157,Harshal Patel,2,48,77,2,2/40,38.50,9.62,24.00,0,0,5,90,134,3,2/34,44.66,8.93,30.00,0,0,,,,,,,,,,,,,,,,,,,,,,,,,,,,,,,,,,,,,,,,,5,105,167,7,3/28,23.85,9.54,15.00,0,0,,,,,,,,,,,,,,,,,,,,,,,,,,,,,,,,,,,,,,,,,,,,,,,,,,,,,,,,,,,,
,,,,,,,,,,,,,,,,,,,,,,,,,,,,,,,,,,,,,,,,https://www.iplt20.com/teams/delhi-capitals/squad-details/3760,Abhishek Sharma,,,,,,,,,,,,,,,,,,,,,,,,,,,,,,,,,,,,,,,,,,,,,,,,,,,,,,,,,,,,,3,0,0,0,-,-,-,-,0,0,,,,,,,,,,,,,,,,,,,,,,,,,,,,,,,,,,,,,,,,,,,,,,,,,,,,,,,,,,,,
,,,,,,,,,,,,,,,,,,,,,,,,,,,,,,,,,,,,,,,,https://www.iplt20.com/teams/delhi-capitals/squad-details/1083,Vijay Shankar,,,,,,,,,,,,,,,,,,,,,,,,,,,,,,,,,,,,,,,,,,,,,,,,,,,,,,,,,,,,,13,30,58,1,1/22,58.00,11.60,30.00,0,0,,,,,,,,,,,,,,,,,,,,,,,,,,,,,,,,,,,,,,,,,,,,,,,,,,,,,,,,,,,,
,,,,,,,,,,,,,,,,,,,,,,,,,,,,,,,,,,,,,,,,https://www.iplt20.com/teams/delhi-capitals/squad-details/969,Trent Boult,5,114,163,5,2/27,32.60,8.57,22.80,0,0,,,,,,,,,,,,,,,,,,,,,,,,,,,,,,,,,,,,,,,,,,,,,,,,,,,14,316,466,18,2/20,25.88,8.84,17.55,0,0,,,,,,,,,,,,,,,,,,,,,,,,,,,,,,,,,,,,,,,,,,,,,,,,,,,,,,,,,,,,
,,,,,,,,,,,,,,,,,,,,,,,,,,,,,,,,,,,,,,,,https://www.iplt20.com/teams/delhi-capitals/squad-details/1749,Rahul Tewatia,5,38,42,2,1/10,21.00,6.63,19.00,0,0,,,,,,,,,,,,,,,,,,,,,,,,,,,,,,,,,,,,,,,,,,,,,,,,,,,8,132,173,6,3/18,28.83,7.86,22.00,0,0,,,,,,,,,,,,,,,,,,,,,,,,,,,,,,,,,,,,,,,,,,,,,,,,,,,,,,,,,,,,
,,,,,,,,,,,,,,,,,,,,,,,,,,,,,,,,,,,,,,,,https://www.iplt20.com/teams/delhi-capitals/squad-details/1561,Avesh Khan,1,18,30,0,0/30,-,10.00,-,0,0,1,24,42,0,0/42,-,10.50,-,0,0,16,366,450,24,3/13,18.75,7.37,15.25,0,0,,,,,,,,,,,,,,,,,,,,,,,,,,,,,,,6,114,204,4,2/29,51.00,10.73,28.50,0,0,,,,,,,,,,,,,,,,,,,,,,,,,,,,,,,,,,,,,,,,,,,,,,,,,,,,,,,,,,,,
,,,,,,,,,,,,,,,,,,,,,,,,,,,,,,,,,,,,,,,,https://www.iplt20.com/teams/delhi-capitals/squad-details/5396,Sherfane Rutherford,7,41,59,1,1/6,59.00,8.63,41.00,0,0,,,,,,,,,,,,,,,,,,,,,,,,,,,,,,,,,,,,,,,,,,,,,,,,,,,,,,,,,,,,,,,,,,,,,,,,,,,,,,,,,,,,,,,,,,,,,,,,,,,,,,,,,,,,,,,,,,,,,,,,
,,,,,,,,,,,,,,,,,,,,,,,,,,,,,,,,,,,,,,,,https://www.iplt20.com/teams/delhi-capitals/squad-details/1113,Axar Patel,14,306,364,10,2/22,36.40,7.13,30.60,0,0,15,306,327,9,2/18,36.33,6.41,34.00,0,0,12,276,306,15,3/21,20.40,6.65,18.40,0,0,,,,,,,,,,,,,,,,,,,,,,,,,,,,,,,,,,,,,,,,,,,,,,,,,,,,,,,,,,,,,,,,,,,,,,,13,258,321,6,2/10,53.50,7.47,43.00,0,0,14,282,338,11,2/13,30.73,7.19,25.64,0,0,14,264,337,11,2/25,30.64,7.66,24.00,0,0
,,,,,,,,,,,,,,,,,,,,,,,,,,,,,,,,,,,,,,,,https://www.iplt20.com/teams/delhi-capitals/squad-details/38,Ishant Sharma,13,276,349,13,3/38,26.84,7.58,21.23,0,0,1,18,26,0,0/26,-,8.66,-,0,0,3,72,97,1,1/26,97.00,8.08,72.00,0,0,,,,,,,,,,,,,,,,,,,,,,,,,,,,,,,,,,,,,,,,,,,,,,,,,,,,,,,,,,,,,,,,,,,,,,,,,,,,,,,,,8,150,206,10,2/19,20.60,8.24,15.00,0,0,9,162,265,10,3/34,26.50,9.81,16.20,0,0
,,,,,,,,,,,,,,,,,,,,,,,,,,,,,,,,,,,,,,,,https://www.iplt20.com/teams/delhi-capitals/squad-details/2741,Jagadeesha Suchith,1,24,28,2,2/28,14.00,7.00,12.00,0,0,,,,,,,,,,,,,,,,,,,,,,,,,,,,,,,,,,,,,,,,,,,,,,,,,,,,,,,,,,,,,,,,,,,,,,,,,,,,,,,,,,,,,,,,,,,,,,,,,,,,,,,,,,,,,,,,,,,,,,,,
,,,,,,,,,,,,,,,,,,,,,,,,,,,,,,,,,,,,,,,,https://www.iplt20.com/teams/delhi-capitals/squad-details/135,Ajinkya Rahane,,,,,,,,,,,9,0,0,0,-,-,-,-,0,0,,,,,,,,,,,,,,,,,,,,,,,,,,,,,,,,,,,,,,,,,,,,,,,,,,,,,,,,,,,,,,,,,,,,,,,,,,,,,,,,,,,,,,,,,,,,,,,,,,,,,,,,,,,,,,
,,,,,,,,,,,,,,,,,,,,,,,,,,,,,,,,,,,,,,,,https://www.iplt20.com/teams/delhi-capitals/squad-details/1705,Shimron Hetmyer,,,,,,,,,,,12,0,0,0,-,-,-,-,0,0,14,0,0,0,-,-,-,-,0,0,,,,,,,,,,,,,,,,,,,,,,,,,,,,,,,,,,,,,,,,,,,,,,,,,,,,,,,,,,,,,,,,,,,,,,,,,,,,,,,,,,,,,,,,,,,,,,,,,,,,
,,,,,,,,,,,,,,,,,,,,,,,,,,,,,,,,,,,,,,,,https://www.iplt20.com/teams/delhi-capitals/squad-details/8,Ravichandran Ashwin,,,,,,,,,,,15,306,391,13,3/29,30.07,7.66,23.53,0,0,13,268,331,7,2/27,47.28,7.41,38.28,0,0,,,,,,,,,,,,,,,,,,,,,,,,,,,,,,,,,,,,,,,,,,,,,,,,,,,,,,,,,,,,,,,,,,,,,,,,,,,,,,,,,,,,,,,,,,,,,,,,,,,,
,,,,,,,,,,,,,,,,,,,,,,,,,,,,,,,,,,,,,,,,https://www.iplt20.com/teams/delhi-capitals/squad-details/4649,Daniel Sams,,,,,,,,,,,3,72,114,0,0/30,-,9.50,-,0,0,,,,,,,,,,,,,,,,,,,,,,,,,,,,,,,,,,,,,,,,,,,,,,,,,,,,,,,,,,,,,,,,,,,,,,,,,,,,,,,,,,,,,,,,,,,,,,,,,,,,,,,,,,,,,,
,,,,,,,,,,,,,,,,,,,,,,,,,,,,,,,,,,,,,,,,https://www.iplt20.com/teams/delhi-capitals/squad-details/6870,Lalit Yadav,,,,,,,,,,,,,,,,,,,,,7,84,101,4,2/13,25.25,7.21,21.00,0,0,,,,,,,,,,,,,,,,,,,,,,,,,,,,,,,,,,,,,,,,,,,,,,,,,,,,,,,,,,,,,,,,,,,,,,,12,108,150,4,2/11,37.50,8.33,27.00,0,0,6,78,118,2,1/29,59.00,9.08,39.00,0,0,2,18,56,0,0/15,-,18.67,-,0,0
,,,,,,,,,,,,,,,,,,,,,,,,,,,,,,,,,,,,,,,,https://www.iplt20.com/teams/delhi-capitals/squad-details/1107,Mohit Sharma,,,,,,,,,,,1,24,45,1,1/45,45.00,11.25,24.00,0,0,,,,,,,,,,,,,,,,,,,,,,,,,,,,,,,,,,,,,,,,,,,,,,,,,,,,,,,,,,,,,,,,,,,,,,,,,,,,,,,,,,,,,,,,,,,,,,,,,,,,,,,,,,,,,,
,,,,,,,,,,,,,,,,,,,,,,,,,,,,,,,,,,,,,,,,https://www.iplt20.com/teams/delhi-capitals/squad-details/3188,Pravin Dubey,,,,,,,,,,,3,48,72,0,0/14,-,9.00,-,0,0,,,,,,,,,,,,,,,,,,,,,,,,,,,,,,,,,,,,,,,,,,,,,,,,,,,,,,,,,,,,,,,,,,,,,,,,,,,,,,,,,,,,,,,,,,,1,18,19,1,1/19,19.00,6.33,18.00,0,0,,,,,,,,,,
,,,,,,,,,,,,,,,,,,,,,,,,,,,,,,,,,,,,,,,,https://www.iplt20.com/teams/delhi-capitals/squad-details/3257,Tushar Deshpande,,,,,,,,,,,5,102,192,3,2/37,64.00,11.29,34.00,0,0,,,,,,,,,,,,,,,,,,,,,,,,,,,,,,,,,,,,,,,,,,,,,,,,,,,,,,,,,,,,,,,,,,,,,,,,,,,,,,,,,,,,,,,,,,,,,,,,,,,,,,,,,,,,,,
,,,,,,,,,,,,,,,,,,,,,,,,,,,,,,,,,,,,,,,,https://www.iplt20.com/teams/delhi-capitals/squad-details/5433,Anrich Nortje,,,,,,,,,,,16,366,512,22,3/33,23.27,8.39,16.63,0,0,8,182,187,12,2/12,15.58,6.16,15.16,0,0,,,,,,,,,,,,,,,,,,,,,,,,,,,,,,,,,,,,,,,,,,,,,,,,,,,,,,,,,,,,,,,,,,,,,,,6,134,217,9,3/42,24.11,9.72,14.89,0,0,10,240,364,10,2/20,36.40,9.10,24.00,0,0,6,132,294,7,3/59,42.00,13.36,18.86,0,0
,,,,,,,,,,,,,,,,,,,,,,,,,,,,,,,,,,,,,,,,https://www.iplt20.com/teams/delhi-capitals/squad-details/17191,Ripal Patel,,,,,,,,,,,,,,,,,,,,,2,18,22,0,0/22,-,7.33,-,0,0,,,,,,,,,,,,,,,,,,,,,,,,,,,,,,,,,,,,,,,,,,,,,,,,,,,,,,,,,,,,,,,,,,,,,,,,,,,,,,,,,,,,,,,,,,,,,,,,,,,,
,,,,,,,,,,,,,,,,,,,,,,,,,,,,,,,,,,,,,,,,https://www.iplt20.com/teams/delhi-capitals/squad-details/967,Chris Woakes,,,,,,,,,,,,,,,,,,,,,3,66,82,5,2/18,16.40,7.45,13.20,0,0,,,,,,,,,,,,,,,,,,,,,,,,,,,,,,,,,,,,,,,,,,,,,,,,,,,,,,,,,,,,,,,,,,,,,,,,,,,,,,,,,,,,,,,,,,,,,,,,,,,,
,,,,,,,,,,,,,,,,,,,,,,,,,,,,,,,,,,,,,,,,https://www.iplt20.com/teams/delhi-capitals/squad-details/3646,Tom Curran,,,,,,,,,,,,,,,,,,,,,3,68,104,4,3/29,26.00,9.17,17.00,0,0,,,,,,,,,,,,,,,,,,,,,,,,,,,,,,,,,,,,,,,,,,,,,,,,,,,,,,,,,,,,,,,,,,,,,,,,,,,,,,,,,,,,,,,,,,,,,,,,,,,,
,,,,,,,,,,,,,,,,,,,,,,,,,,,,,,,,,,,,,,,,https://www.iplt20.com/teams/delhi-capitals/squad-details/3333,Rovman Powell,,,,,,,,,,,,,,,,,,,,,,,,,,,,,,,,,,,,,,,,,,,,,,,,,,,,,,,,,,,,,,,,,,,,,,,,,,,,,,,,,,,,,,,,,,,,,,,,,,,,,14,6,17,0,0/17,-,17.00,-,0,0,3,12,18,1,1/18,18.00,9.00,12.00,0,0,,,,,,,,,,
,,,,,,,,,,,,,,,,,,,,,,,,,,,,,,,,,,,,,,,,https://www.iplt20.com/teams/delhi-capitals/squad-details/1619,Tim Seifert,,,,,,,,,,,,,,,,,,,,,,,,,,,,,,,,,,,,,,,,,,,,,,,,,,,,,,,,,,,,,,,,,,,,,,,,,,,,,,,,,,,,,,,,,,,,,,,,,,,,,2,0,0,0,-,-,-,-,0,0,,,,,,,,,,,,,,,,,,,,
,,,,,,,,,,,,,,,,,,,,,,,,,,,,,,,,,,,,,,,,https://www.iplt20.com/teams/delhi-capitals/squad-details/20623,Yash Dhull,,,,,,,,,,,,,,,,,,,,,,,,,,,,,,,,,,,,,,,,,,,,,,,,,,,,,,,,,,,,,,,,,,,,,,,,,,,,,,,,,,,,,,,,,,,,,,,,,,,,,,,,,,,,,,,4,0,0,0,-,-,-,-,0,0,,,,,,,,,,
,,,,,,,,,,,,,,,,,,,,,,,,,,,,,,,,,,,,,,,,https://www.iplt20.com/teams/delhi-capitals/squad-details/3766,Kamlesh Nagarkoti,,,,,,,,,,,,,,,,,,,,,,,,,,,,,,,,,,,,,,,,,,,,,,,,,,,,,,,,,,,,,,,,,,,,,,,,,,,,,,,,,,,,,,,,,,,,,,,,,,,,,1,12,29,0,0/29,-,14.50,-,0,0,,,,,,,,,,,,,,,,,,,,
,,,,,,,,,,,,,,,,,,,,,,,,,,,,,,,,,,,,,,,,https://www.iplt20.com/teams/delhi-capitals/squad-details/221,Mitchell Marsh,,,,,,,,,,,,,,,,,,,,,,,,,,,,,,,,,,,,,,,,,,,,,,,,,,,,,,,,,,,,,,,,,,,,,,,,,,,,,,,,,,,,,,,,,,,,,,,,,,,,,8,72,102,4,2/25,25.50,8.50,18.00,0,0,9,121,170,12,4/27,14.17,8.43,10.08,1,0,4,48,103,1,1/37,103.00,12.88,48.00,0,0
,,,,,,,,,,,,,,,,,,,,,,,,,,,,,,,,,,,,,,,,https://www.iplt20.com/teams/delhi-capitals/squad-details/1745,Shardul Thakur,,,,,,,,,,,,,,,,,,,,,,,,,,,,,,,,,,,,,,,,,,,,,,,,,,,,,,,,,,,,,,,,,,,,,,,,,,,,,,,,,,,,,,,,,,,,,,,,,,,,,14,290,473,15,4/36,31.53,9.79,19.33,1,0,,,,,,,,,,,,,,,,,,,,
,,,,,,,,,,,,,,,,,,,,,,,,,,,,,,,,,,,,,,,,https://www.iplt20.com/teams/delhi-capitals/squad-details/11062,Chetan Sakariya,,,,,,,,,,,,,,,,,,,,,,,,,,,,,,,,,,,,,,,,,,,,,,,,,,,,,,,,,,,,,,,,,,,,,,,,,,,,,,,,,,,,,,,,,,,,,,,,,,,,,3,66,84,3,2/23,28.00,7.64,22.00,0,0,2,48,89,3,2/53,29.67,11.13,16.00,0,0,,,,,,,,,,
,,,,,,,,,,,,,,,,,,,,,,,,,,,,,,,,,,,,,,,,https://www.iplt20.com/teams/delhi-capitals/squad-details/261,Kuldeep Yadav,,,,,,,,,,,,,,,,,,,,,,,,,,,,,,,,,,,,,,,,,,,,,,,,,,,,,,,,,,,,,,,,,,,,,,,,,,,,,,,,,,,,,,,,,,,,,,,,,,,,,14,298,419,21,4/14,19.95,8.44,14.19,2,0,14,294,361,10,2/15,36.10,7.37,29.40,0,0,11,258,374,16,4/55,23.38,8.70,16.13,1,0
,,,,,,,,,,,,,,,,,,,,,,,,,,,,,,,,,,,,,,,,https://www.iplt20.com/teams/delhi-capitals/squad-details/1594,Mustafizur Rahman,,,,,,,,,,,,,,,,,,,,,,,,,,,,,,,,,,,,,,,,,,,,,,,,,,,,,,,,,,,,,,,,,,,,,,,,,,,,,,,,,,,,,,,,,,,,,,,,,,,,,8,192,244,8,3/18,30.50,7.63,24.00,0,0,2,42,79,1,1/38,79.00,11.29,42.00,0,0,,,,,,,,,,
,,,,,,,,,,,,,,,,,,,,,,,,,,,,,,,,,,,,,,,,https://www.iplt20.com/teams/delhi-capitals/squad-details/5606,Phil Salt,,,,,,,,,,,,,,,,,,,,,,,,,,,,,,,,,,,,,,,,,,,,,,,,,,,,,,,,,,,,,,,,,,,,,,,,,,,,,,,,,,,,,,,,,,,,,,,,,,,,,,,,,,,,,,,9,0,0,0,-,-,-,-,0,0,,,,,,,,,,
,,,,,,,,,,,,,,,,,,,,,,,,,,,,,,,,,,,,,,,,https://www.iplt20.com/teams/delhi-capitals/squad-details/123,Manish Pandey,,,,,,,,,,,,,,,,,,,,,,,,,,,,,,,,,,,,,,,,,,,,,,,,,,,,,,,,,,,,,,,,,,,,,,,,,,,,,,,,,,,,,,,,,,,,,,,,,,,,,,,,,,,,,,,10,0,0,0,-,-,-,-,0,0,,,,,,,,,,
,,,,,,,,,,,,,,,,,,,,,,,,,,,,,,,,,,,,,,,,https://www.iplt20.com/teams/delhi-capitals/squad-details/239,Rilee Rossouw,,,,,,,,,,,,,,,,,,,,,,,,,,,,,,,,,,,,,,,,,,,,,,,,,,,,,,,,,,,,,,,,,,,,,,,,,,,,,,,,,,,,,,,,,,,,,,,,,,,,,,,,,,,,,,,9,0,0,0,-,-,-,-,0,0,,,,,,,,,,
,,,,,,,,,,,,,,,,,,,,,,,,,,,,,,,,,,,,,,,,https://www.iplt20.com/teams/delhi-capitals/squad-details/33333,Abishek Porel,,,,,,,,,,,,,,,,,,,,,,,,,,,,,,,,,,,,,,,,,,,,,,,,,,,,,,,,,,,,,,,,,,,,,,,,,,,,,,,,,,,,,,,,,,,,,,,,,,,,,,,,,,,,,,,4,0,0,0,-,-,-,-,0,0,14,0,0,0,-,-,-,-,0,0
,,,,,,,,,,,,,,,,,,,,,,,,,,,,,,,,,,,,,,,,https://www.iplt20.com/teams/delhi-capitals/squad-details/5622,Mukesh Kumar,,,,,,,,,,,,,,,,,,,,,,,,,,,,,,,,,,,,,,,,,,,,,,,,,,,,,,,,,,,,,,,,,,,,,,,,,,,,,,,,,,,,,,,,,,,,,,,,,,,,,,,,,,,,,,,10,186,326,7,2/30,46.57,10.52,26.57,0,0,10,213,368,17,3/14,21.65,10.37,12.53,0,0
,,,,,,,,,,,,,,,,,,,,,,,,,,,,,,,,,,,,,,,,https://www.iplt20.com/teams/delhi-capitals/squad-details/20720,Jake Fraser-McGurk,,,,,,,,,,,,,,,,,,,,,,,,,,,,,,,,,,,,,,,,,,,,,,,,,,,,,,,,,,,,,,,,,,,,,,,,,,,,,,,,,,,,,,,,,,,,,,,,,,,,,,,,,,,,,,,,,,,,,,,,,9,0,0,0,-,-,-,-,0,0
,,,,,,,,,,,,,,,,,,,,,,,,,,,,,,,,,,,,,,,,https://www.iplt20.com/teams/delhi-capitals/squad-details/20710,Shai Hope,,,,,,,,,,,,,,,,,,,,,,,,,,,,,,,,,,,,,,,,,,,,,,,,,,,,,,,,,,,,,,,,,,,,,,,,,,,,,,,,,,,,,,,,,,,,,,,,,,,,,,,,,,,,,,,,,,,,,,,,,9,0,0,0,-,-,-,-,0,0
,,,,,,,,,,,,,,,,,,,,,,,,,,,,,,,,,,,,,,,,https://www.iplt20.com/teams/delhi-capitals/squad-details/1555,Ricky Bhui,,,,,,,,,,,,,,,,,,,,,,,,,,,,,,,,,,,,,,,,,,,,,,,,,,,,,,,,,,,,,,,,,,,,,,,,,,,,,,,,,,,,,,,,,,,,,,,,,,,,,,,,,,,,,,,,,,,,,,,,,2,0,0,0,-,-,-,-,0,0
,,,,,,,,,,,,,,,,,,,,,,,,,,,,,,,,,,,,,,,,https://www.iplt20.com/teams/delhi-capitals/squad-details/20694,Kumar Kushagra,,,,,,,,,,,,,,,,,,,,,,,,,,,,,,,,,,,,,,,,,,,,,,,,,,,,,,,,,,,,,,,,,,,,,,,,,,,,,,,,,,,,,,,,,,,,,,,,,,,,,,,,,,,,,,,,,,,,,,,,,4,0,0,0,-,-,-,-,0,0
,,,,,,,,,,,,,,,,,,,,,,,,,,,,,,,,,,,,,,,,https://www.iplt20.com/teams/delhi-capitals/squad-details/20631,Tristan Stubbs,,,,,,,,,,,,,,,,,,,,,,,,,,,,,,,,,,,,,,,,,,,,,,,,,,,,,,,,,,,,,,,,,,,,,,,,,,,,,,,,,,,,,,,,,,,,,,,,,,,,,,,,,,,,,,,,,,,,,,,,,14,12,15,3,2/11,5.00,7.50,4.00,0,0
,,,,,,,,,,,,,,,,,,,,,,,,,,,,,,,,,,,,,,,,https://www.iplt20.com/teams/delhi-capitals/squad-details/20706,Sumit Kumar,,,,,,,,,,,,,,,,,,,,,,,,,,,,,,,,,,,,,,,,,,,,,,,,,,,,,,,,,,,,,,,,,,,,,,,,,,,,,,,,,,,,,,,,,,,,,,,,,,,,,,,,,,,,,,,,,,,,,,,,,4,20,38,0,0/19,-,11.40,-,0,0
,,,,,,,,,,,,,,,,,,,,,,,,,,,,,,,,,,,,,,,,https://www.iplt20.com/teams/delhi-capitals/squad-details/3781,Jhye Richardson,,,,,,,,,,,,,,,,,,,,,,,,,,,,,,,,,,,,,,,,,,,,,,,,,,,,,,,,,,,,,,,,,,,,,,,,,,,,,,,,,,,,,,,,,,,,,,,,,,,,,,,,,,,,,,,,,,,,,,,,,1,24,40,0,0/40,-,10.00,-,0,0
,,,,,,,,,,,,,,,,,,,,,,,,,,,,,,,,,,,,,,,,https://www.iplt20.com/teams/delhi-capitals/squad-details/20727,Lizaad Williams,,,,,,,,,,,,,,,,,,,,,,,,,,,,,,,,,,,,,,,,,,,,,,,,,,,,,,,,,,,,,,,,,,,,,,,,,,,,,,,,,,,,,,,,,,,,,,,,,,,,,,,,,,,,,,,,,,,,,,,,,2,36,72,1,1/38,72.00,12.00,36.00,0,0
